protein_id, length, inference_seconds , peak_gpu_memory_mib, balanced_accuracy_full, precision_full      , recall_full        , f1_full            , auroc_full        , rmse_full           , balanced_accuracy_upper, precision_upper     , recall_upper       , f1_upper           , auroc_upper       , rmse_upper
4g92C00   ,    117, 4.506592899095267 ,    8459.5498046875 ,     0.7330914023609232, 0.6786912751677853  , 0.5378989361702128 , 0.6001483679525222 , 0.8504586962930796, 0.06044148653745651 ,     0.7326942617238796 , 0.6786912751677853  , 0.5378989361702128 , 0.6001483679525222 , 0.8490064611244935, 0.06069767475128174
2lisA00   ,    131, 1.3551953532733023,    8503.98681640625,     0.7915307752121763, 0.16953073364177132 , 0.8968531468531469 , 0.2851584213451918 , 0.8795918759395066, 0.10979440808296204 ,     0.7902369725201149 , 0.16953073364177132 , 0.8968531468531469 , 0.2851584213451918 , 0.8785989598969581, 0.11021582037210464
3i5xA02   ,    260, 2.3098518969491124,    9044.896484375  ,     0.9287884451525156, 0.5029940119760479  , 0.8907014681892332 , 0.6429202237268178 , 0.9868359592028431, 0.03515579551458359 ,     0.9287374928173389 , 0.5032258064516129  , 0.8907014681892332 , 0.6431095406360423 , 0.986793557497391 , 0.03522338345646858
1whoA00   ,     94, 1.0585819566622376,    8403.58935546875,     0.9251814490311014, 0.23045267489711935 , 0.9824561403508771 , 0.3733333333333333 , 0.9721475220898963, 0.05246417224407196 ,     0.9244423558897243 , 0.23045267489711935 , 0.9824561403508771 , 0.3733333333333333 , 0.9718365357839042, 0.0527452677488327
1w66A01   ,    208, 1.4393976302817464,    8754.96142578125,     0.9174505676064595, 0.44330453563714906 , 0.884698275862069  , 0.5906474820143885 , 0.9800309545798247, 0.045286741107702255,     0.9173248660863742 , 0.44330453563714906 , 0.884698275862069  , 0.5906474820143885 , 0.9799322062269836, 0.0453956313431263
1otvA00   ,    254, 2.1016799667850137,    9000.0107421875 ,     0.8445434028465197, 0.5471769609700644  , 0.7285570131180625 , 0.6249729495780134 , 0.9627594229289661, 0.050110217183828354,     0.8444602704649651 , 0.5471769609700644  , 0.7285570131180625 , 0.6249729495780134 , 0.9626313427032553, 0.0502089187502861
1mdaH00   ,    368, 4.72651935601607  ,    9709.77783203125,     0.6860545902451625, 0.1982695332983744  , 0.6202427821522309 , 0.3004847810538027 , 0.7406273731990737, 0.09706748276948929 ,     0.6856829876381678 , 0.1982695332983744  , 0.6202427821522309 , 0.3004847810538027 , 0.7398505050630636, 0.09719964861869812
1dl5A01   ,    201, 1.407124575227499 ,    8727.087890625  ,     0.9074350053131575, 0.45242480049109884 , 0.860981308411215  , 0.593158953722334  , 0.9784420358560223, 0.04422256723046303 ,     0.9073145993313609 , 0.45242480049109884 , 0.860981308411215  , 0.593158953722334  , 0.9783320010412275, 0.044332355260849
1frmA00   ,    106, 1.0824471740052104,    8429.7900390625 ,     0.7981936699287446, 0.743351886209029   , 0.6407249466950959 , 0.6882336100772973 , 0.9270313952216938, 0.06871438771486282 ,     0.7979937679228668 , 0.7438118811881188  , 0.6407249466950959 , 0.6884306987399771 , 0.9263422306172678, 0.06903892755508423
3pqsA03   ,     88, 1.055925177410245 ,    8390.267578125  ,     0.5869390913059035, 0.20586158192090395 , 0.8753753753753754 , 0.33333333333333337, 0.6884988544377191, 0.17921435832977295 ,     0.5820583391740887 , 0.20586158192090395 , 0.8753753753753754 , 0.33333333333333337, 0.6841642401414697, 0.18024137616157532
2h85A01   ,     65, 1.0811550496146083,    8354.810546875  ,     0.7270793253098295, 0.2591206735266604  , 0.8935483870967742 , 0.4017403915881073 , 0.819333363160485 , 0.13140647113323212 ,     0.723045379989065  , 0.2591206735266604  , 0.8935483870967742 , 0.4017403915881073 , 0.816016037907782 , 0.1324285864830017
2ijd101   ,    180, 1.268198027741164 ,    8650.92138671875,     0.917614625766487 , 0.46163215590742995 , 0.8928150765606596 , 0.6085909273384184 , 0.9766951566558089, 0.03900030255317688 ,     0.9174448228619431 , 0.46163215590742995 , 0.8928150765606596 , 0.6085909273384184 , 0.9765623498592106, 0.03910897299647331
1mmoB00   ,    384, 5.2636075359769166,    9824.99267578125,     0.9001001418265049, 0.3736398258977149  , 0.8654694391934468 , 0.521945658369751  , 0.9713732856244983, 0.03702358901500702 ,     0.9000110903650358 , 0.3736398258977149  , 0.8654694391934468 , 0.521945658369751  , 0.9712954347869969, 0.037071872502565384
2xdqB01   ,    147, 1.2446987801231444,    8545.521484375  ,     0.8569351659177795, 0.6498800959232613  , 0.7759484609878311 , 0.7073409461663948 , 0.9554391923317705, 0.05515192821621895 ,     0.8566907507424693 , 0.6498800959232613  , 0.7759484609878311 , 0.7073409461663948 , 0.9551402581582653, 0.05534037947654724
1wraA01   ,    300, 2.977740394882858 ,    9261.07421875   ,     0.9067648942378603, 0.4042207792207792  , 0.8556701030927835 , 0.5490628445424476 , 0.9789553959071451, 0.046516165137290955,     0.9067035847875485 , 0.40435206235790844 , 0.8556701030927835 , 0.549183943537715  , 0.9788981659327785, 0.04659382998943329
1tujA00   ,    123, 1.0935911419801414,    8477.28857421875,     0.842287727136422 , 0.6220408163265306  , 0.755203171456888  , 0.6821844225604298 , 0.9498135875586656, 0.054660726338624954,     0.8419532949985394 , 0.6220408163265306  , 0.755203171456888  , 0.6821844225604298 , 0.9493389186267235, 0.05488339439034462
3cx5A02   ,    223, 1.6571474731899798,    8816.04052734375,     0.800866844580063 , 0.6285160038797284  , 0.6352941176470588 , 0.6318868844466113 , 0.9572810477561307, 0.04413561150431633 ,     0.8007844691171938 , 0.6285160038797284  , 0.6352941176470588 , 0.6318868844466113 , 0.9570739483218991, 0.04423489421606064
2l0cA00   ,     97, 1.1159147573634982,    8409.70703125   ,     0.8175674662988921, 0.6183074265975821  , 0.7528916929547844 , 0.6789947842579422 , 0.9191482972009161, 0.04470245540142059 ,     0.8167967236703746 , 0.6183074265975821  , 0.7528916929547844 , 0.6789947842579422 , 0.9180968679889483, 0.04488694667816162
1gcyA02   ,     56, 1.0731381960213184,    8343.486328125  ,     0.6205689352216806, 0.41590214067278286 , 0.9908925318761385 , 0.5858912224017232 , 0.7891679224068742, 0.18434463441371918 ,     0.6099770429310056 , 0.41590214067278286 , 0.9908925318761385 , 0.5858912224017232 , 0.7832110120409735, 0.18601283431053162
4c0xA00   ,    200, 1.4133828207850456,    8723.751953125  ,     0.7977078972578575, 0.7331536388140162  , 0.6171298922291548 , 0.6701570680628273 , 0.9631026301425881, 0.04569542035460472 ,     0.7976480359309748 , 0.7331536388140162  , 0.6171298922291548 , 0.6701570680628273 , 0.9629292473673072, 0.0458100326359272
3htxA01   ,     76, 1.0640928959473968,    8368.68505859375,     0.7274615424682269, 0.6522222222222223  , 0.6165966386554622 , 0.6339092872570194 , 0.7959746011007709, 0.08795763552188873 ,     0.7258431033108712 , 0.6522222222222223  , 0.6165966386554622 , 0.6339092872570194 , 0.7921360720262816, 0.08854084461927414
2xzmM01   ,     82, 1.0794034991413355,    8379.23779296875,     0.7837603861369857, 0.7320388349514563  , 0.6892138939670932 , 0.7099811676082861 , 0.8817983453114471, 0.07781998813152313 ,     0.7826401755421456 , 0.7320388349514563  , 0.6892138939670932 , 0.7099811676082861 , 0.8797695557841317, 0.07828978449106216
1jq5A02   ,    206, 1.4398814179003239,    8747.86279296875,     0.851297853065217 , 0.5781021897810219  , 0.7313019390581718 , 0.6457399103139013 , 0.9755821106882192, 0.05398932099342346 ,     0.8512240525961785 , 0.5781021897810219  , 0.7313019390581718 , 0.6457399103139013 , 0.9754608231630868, 0.05412083864212036
4z9cA00   ,    223, 1.6512351189740002,    8816.1298828125 ,     0.843888097124623 , 0.18751660026560424 , 0.815242494226328  , 0.30490174908227163, 0.9362276106459887, 0.07224024087190628 ,     0.8435906028296625 , 0.18751660026560424 , 0.815242494226328  , 0.30490174908227163, 0.9359299331890886, 0.07240264117717743
5aj3P00   ,    117, 1.0797894028946757,    8460.07275390625,     0.6979306651085793, 0.5249187432286024  , 0.5666666666666667 , 0.5449943757030371 , 0.8333394267308808, 0.05567902699112892 ,     0.6971434200157605 , 0.5254880694143167  , 0.5666666666666667 , 0.5453010692177828 , 0.8318029691381066, 0.05591370537877083
1pc0A00   ,     61, 1.0702303182333708,    8349.474609375  ,     0.8104067044002061, 0.5371024734982333  , 0.7979002624671916 , 0.6420274551214361 , 0.8900112561968956, 0.10904529690742493 ,     0.8085429538698967 , 0.5371024734982333  , 0.7979002624671916 , 0.6420274551214361 , 0.8878238046331165, 0.10992841422557831
2kyyA00   ,    153, 1.2385416668839753,    8562.916015625  ,     0.7324571618258227, 0.6505037783375315  , 0.5219807983830217 , 0.5791982057751612 , 0.9037146737052869, 0.07586103677749634 ,     0.732230942252968  , 0.6505037783375315  , 0.5219807983830217 , 0.5791982057751612 , 0.9030389354571848, 0.07610968500375748
1gvhA01   ,    148, 1.1984126367606223,    8550.31005859375,     0.7580314358763347, 0.6579984239558707  , 0.5619111709286676 , 0.6061705989110707 , 0.9201374957025484, 0.05075222626328468 ,     0.7579040522445724 , 0.6585173501577287  , 0.5619111709286676 , 0.6063907044299202 , 0.9196029065141778, 0.05092339962720871
1yzyA01   ,    234, 1.8409394957125187,    8864.5986328125 ,     0.8793384066017811, 0.48914223669923995 , 0.7945326278659612 , 0.605510752688172  , 0.9770582650351994, 0.04286222159862518 ,     0.8792581231724647 , 0.48914223669923995 , 0.7945326278659612 , 0.605510752688172  , 0.9769767252065258, 0.042953673750162125
3h0gE01   ,    134, 1.2409229828044772,    8510.2529296875 ,     0.7343623832492092, 0.7607739665787159  , 0.5061439438267993 , 0.6078706957132818 , 0.909637791913704 , 0.10131660103797913 ,     0.7341883284810198 , 0.7607739665787159  , 0.5061439438267993 , 0.6078706957132818 , 0.9090041304110799, 0.10169648379087448
1x1yE00   ,     89, 1.0759879257529974,    8393.51611328125,     0.8915085505251057, 0.5565610859728507  , 0.8661971830985915 , 0.6776859504132232 , 0.9681180875036611, 0.054611366242170334,     0.8909782477097542 , 0.5565610859728507  , 0.8661971830985915 , 0.6776859504132232 , 0.9677206505508696, 0.05490553006529808
2hraA02   ,     91, 1.0730511802248657,    8399.32177734375,     0.8729552015396129, 0.5684523809523809  , 0.8708206686930091 , 0.687875150060024  , 0.9476802161044039, 0.06250933557748795 ,     0.8721284024291347 , 0.5684523809523809  , 0.8708206686930091 , 0.687875150060024  , 0.9470110269700461, 0.06285478174686432
4xjxA04   ,    270, 2.406610582023859 ,    9093.40087890625,     0.8833203098470713, 0.3843661401377076  , 0.8097269624573379 , 0.5212853611645153 , 0.9739373628519026, 0.05882437527179718 ,     0.8832375528787841 , 0.3843661401377076  , 0.8097269624573379 , 0.5212853611645153 , 0.9738374145458745, 0.05893361568450928
1xffA00   ,    238, 1.8915227707475424,    8888.80712890625,     0.9035024359495976, 0.5083576545502786  , 0.8410886742756805 , 0.6337026624772615 , 0.9759066576916311, 0.04142408445477486 ,     0.903436740330273  , 0.5084925690021231  , 0.8410886742756805 , 0.6338074760172014 , 0.9758397290382087, 0.041508957743644714
1ho8A02   ,    112, 1.078421969898045 ,    8446.4013671875 ,     0.9000528893722032, 0.5437828371278459  , 0.8935251798561151 , 0.6761023407729995 , 0.9645147142103423, 0.04851152375340462 ,     0.8995791086746614 , 0.5437828371278459  , 0.8935251798561151 , 0.6761023407729995 , 0.9641559565244019, 0.04872623831033707
4n7rC02   ,    111, 1.0780465425923467,    8444.2890625    ,     0.5862887280507387, 0.12307252998286693 , 0.7243697478991596 , 0.21039785208689285, 0.6537205125514405, 0.1471431702375412  ,     0.5835097378334274 , 0.12307252998286693 , 0.7243697478991596 , 0.21039785208689285, 0.6502325794201528, 0.14781048893928528
1r9lA02   ,    141, 1.2286826521158218,    8531.08447265625,     0.8874344597348802, 0.4725447128961406  , 0.8675115207373272 , 0.6118220597196831 , 0.960658570933329 , 0.05860934406518936 ,     0.8870994617683525 , 0.4726930320150659  , 0.8675115207373272 , 0.6119463632669646 , 0.9603682540592617, 0.05881666764616966
4b94A00   ,    141, 1.2280538696795702,    8531.08447265625,     0.9033844212130919, 0.3404471544715447  , 0.8746736292428199 , 0.4901243599122165 , 0.9712631188580318, 0.061213087290525436,     0.9031321134513879 , 0.3404471544715447  , 0.8746736292428199 , 0.4901243599122165 , 0.9710495687241109, 0.06143101304769516
3nw0B01   ,     84, 1.0646886620670557,    8383.62744140625,     0.8885886906608091, 0.522508038585209   , 0.871313672922252  , 0.6532663316582915 , 0.9617773396838075, 0.057191137224435806,     0.8879536562491119 , 0.522508038585209   , 0.871313672922252  , 0.6532663316582915 , 0.9612659529483296, 0.05753394961357117
1rf8B01   ,     69, 1.089121068827808 ,    8360.5419921875 ,     0.6881176463741555, 0.8640040444893832  , 0.9104954714970698 , 0.8866407263294424 , 0.7840370470108283, 0.08252453804016113 ,     0.6684673519532257 , 0.8640040444893832  , 0.9104954714970698 , 0.8866407263294424 , 0.7681506464178082, 0.08312639594078064
1a91A00   ,     79, 1.064204994123429 ,    8374.51171875   ,     0.685326566777396 , 0.8397291196388262  , 0.5081967213114754 , 0.6331914893617021 , 0.76459689661524  , 0.09319943934679031 ,     0.6949456827980238 , 0.862708719851577   , 0.5081967213114754 , 0.6396148555708391 , 0.7766049455517553, 0.09378199279308319
2mj7A00   ,    141, 1.2309372969903052,    8531.11328125   ,     0.8029742716039938, 0.5278851463279955  , 0.7055350553505535 , 0.603916614024005  , 0.9258705519324717, 0.05135415494441986 ,     0.8025620080041083 , 0.5278851463279955  , 0.7055350553505535 , 0.603916614024005  , 0.9252829714439247, 0.051536526530981064
1tvjA00   ,    166, 1.2538588969036937,    8604.0234375    ,     0.9521948637616037, 0.39280774550484093 , 0.9709401709401709 , 0.5593303791235844 , 0.9865503656756593, 0.03829522803425789 ,     0.9519841968354554 , 0.39280774550484093 , 0.9709401709401709 , 0.5593303791235844 , 0.9864657369920528, 0.03841061145067215
4dh2A00   ,    158, 1.2744789468124509,    8579.7255859375 ,     0.9400969160214585, 0.3466476462196862  , 0.9566929133858267 , 0.5089005235602094 , 0.9816723964916111, 0.048512522131204605,     0.939842883763111  , 0.3466476462196862  , 0.9566929133858267 , 0.5089005235602094 , 0.9815506747028626, 0.04866648465394974
1kmdA00   ,    117, 1.067973761819303 ,    8460.3603515625 ,     0.8892903982396798, 0.590633130962706   , 0.8566037735849057 , 0.6991786447638604 , 0.9582007141293969, 0.04803577437996864 ,     0.8889094648261702 , 0.590633130962706   , 0.8566037735849057 , 0.6991786447638604 , 0.9577971779472143, 0.04824061691761017
4cqiA00   ,    107, 1.0678318878635764,    8433.68603515625,     0.9082104865086222, 0.4344919786096257  , 0.8953168044077136 , 0.585058505850585  , 0.966372584457754 , 0.054654959589242935,     0.9078128860018975 , 0.4344919786096257  , 0.8953168044077136 , 0.585058505850585  , 0.9660432508963029, 0.054898012429475784
1bv8A00   ,    138, 1.227247416973114 ,    8521.263671875  ,     0.862766944769381 , 0.6645468998410174  , 0.7755102040816326 , 0.7157534246575343 , 0.9643856304418327, 0.06218700110912323 ,     0.86256107219007   , 0.6645468998410174  , 0.7755102040816326 , 0.7157534246575343 , 0.9641194029850746, 0.06241338700056076
1irmC00   ,    196, 1.3710236879996955,    8709.30126953125,     0.8799785025356908, 0.6101231190150479  , 0.7914818101153505 , 0.6890691386635767 , 0.9774288402572924, 0.04051153361797333 ,     0.8798926038843449 , 0.6101231190150479  , 0.7914818101153505 , 0.6890691386635767 , 0.9773193562825109, 0.04061455652117729
1wg7A01   ,     68, 1.0866109589114785,    8358.44921875   ,     0.7674163748523519, 0.6396063960639606  , 0.719225449515906  , 0.6770833333333334 , 0.8632145968958442, 0.0781804770231247  ,     0.7654005061084352 , 0.6396063960639606  , 0.719225449515906  , 0.6770833333333334 , 0.860283829879966 , 0.07875686138868332
3ottA01   ,    299, 2.9534232560545206,    9255.83056640625,     0.9340381535115159, 0.46236559139784944 , 0.8979919678714859 , 0.6104286104286104 , 0.9887441147729993, 0.0355069637298584  ,     0.9339865164254673 , 0.46236559139784944 , 0.8979919678714859 , 0.6104286104286104 , 0.9887067597967727, 0.03556640073657036
1pc6A00   ,    141, 1.2264170469716191,    8531.2529296875 ,     0.678767729995213 , 0.6104046242774567  , 0.47516198704103674, 0.53435887055966   , 0.8100821337434366, 0.04458893463015556 ,     0.678218331365978  , 0.61054579093432    , 0.47516198704103674, 0.5344129554655871 , 0.8082541213961766, 0.04474571719765663
3vu1A04   ,    132, 1.231375868897885 ,    8506.1865234375 ,     0.9213349502438285, 0.2386685552407932  , 0.9711815561959655 , 0.3831722569641842 , 0.9694910349318124, 0.07457857578992844 ,     0.9208239387197443 , 0.2386685552407932  , 0.9711815561959655 , 0.3831722569641842 , 0.9692484042902291, 0.07486265897750854
2lc3A00   ,     88, 1.0832381141372025,    8390.93408203125,     0.6897691094307823, 0.4656455142231947  , 0.8464598249801114 , 0.6007905138339921 , 0.7873385142627671, 0.0834912657737732  ,     0.6857736697829379 , 0.4656455142231947  , 0.8464598249801114 , 0.6007905138339921 , 0.7836990333711148, 0.08396970480680466
1p3hB00   ,     98, 1.0609848638996482,    8412.318359375  ,     0.8118215294592412, 0.43918638439186386 , 0.7872023809523809 , 0.5638156141753263 , 0.9065704989622968, 0.06342143565416336 ,     0.8110233909172588 , 0.4397339983374896  , 0.7872023809523809 , 0.5642666666666668 , 0.9056027642617939, 0.06374353170394897
1kwgA02   ,    200, 1.3862236770801246,    8724.2138671875 ,     0.9473859938203573, 0.3227453204764606  , 0.9563025210084034 , 0.48261238337574214, 0.9846188823377844, 0.042022835463285446,     0.9472266295795708 , 0.3227453204764606  , 0.9563025210084034 , 0.48261238337574214, 0.9845395563042622, 0.04212816432118416
1zl8B00   ,     54, 1.0752564333379269,    8342.994140625  ,     0.7237235803412274, 0.8898128898128899  , 0.7629233511586453 , 0.8214971209213052 , 0.8340495289024701, 0.07194825261831284 ,     0.7099406399806172 , 0.8898128898128899  , 0.7629233511586453 , 0.8214971209213052 , 0.819549002301715 , 0.07260733097791672
1aamA02   ,    271, 2.442543846089393 ,    9098.447265625  ,     0.8859086517983191, 0.5391865079365079  , 0.7980910425844346 , 0.6435760805210183 , 0.9834900550947867, 0.04133369401097298 ,     0.885858115335882  , 0.5391865079365079  , 0.7980910425844346 , 0.6435760805210183 , 0.9834370797048367, 0.041409946978092194
5a2qW01   ,     68, 1.0791650242172182,    8358.55517578125,     0.718121282754168 , 0.2745571658615137  , 0.9021164021164021 , 0.4209876543209876 , 0.8635815236125474, 0.10583986341953278 ,     0.7179003063213589 , 0.27791361043194784 , 0.9021164021164021 , 0.4249221183800623 , 0.8640559732664996, 0.10662046074867249
2xhgA01   ,    176, 1.213847970124334 ,    8637.947265625  ,     0.8048645040623497, 0.724950884086444   , 0.6402544823597455 , 0.67997542997543   , 0.9619525130425173, 0.040257591754198074,     0.8047662580769541 , 0.724950884086444   , 0.6402544823597455 , 0.67997542997543   , 0.9617145190756639, 0.04037080332636833
1f4sP00   ,     65, 1.0757288448512554,    8355.54248046875,     0.7267527836863548, 0.9677996422182469  , 0.5870862723819859 , 0.7308341776426882 , 0.8625838931241613, 0.12361027300357819 ,     0.7175937691023853 , 0.9677996422182469  , 0.5870862723819859 , 0.7308341776426882 , 0.8444221607130183, 0.12457018345594406
1i5pA02   ,    234, 1.8465248472057283,    8865.00439453125,     0.9036761000801601, 0.37660550458715597 , 0.858786610878661  , 0.5235969387755103 , 0.9771965577056523, 0.04183607175946236 ,     0.90356171448704   , 0.37660550458715597 , 0.858786610878661  , 0.5235969387755103 , 0.9770951320166792, 0.041924796998500824
4tquM01   ,    245, 2.017433013767004 ,    8935.541015625  ,     0.6769225029988434, 0.7218225419664268  , 0.3664772727272727 , 0.4861372812920592 , 0.9152877943834121, 0.04716610535979271 ,     0.676894291581313  , 0.7218225419664268  , 0.3664772727272727 , 0.4861372812920592 , 0.9149336310293295, 0.047262661159038544
2b9sA02   ,     87, 1.0879870648495853,    8389.6728515625 ,     0.703056500754433 , 0.2612267250821468  , 0.8266897746967071 , 0.3970037453183521 , 0.817463943233134 , 0.10312403738498688 ,     0.7001653677529047 , 0.2612267250821468  , 0.8266897746967071 , 0.3970037453183521 , 0.8149543609103278, 0.10372184216976166
3ph9A00   ,    133, 1.2355894749052823,    8507.6005859375 ,     0.9265055129242947, 0.37404580152671757 , 0.9514563106796117 , 0.536986301369863  , 0.974086953785149 , 0.05689482018351555 ,     0.9261093728152989 , 0.37404580152671757 , 0.9514563106796117 , 0.536986301369863  , 0.9738807574765976, 0.05710962042212486
1vbkA02   ,     82, 1.0883246096782386,    8379.79833984375,     0.9128548149274605, 0.3360927152317881  , 0.9530516431924883 , 0.4969400244798042 , 0.9648461319414315, 0.06554082781076431 ,     0.9120148820853047 , 0.3360927152317881  , 0.9530516431924883 , 0.4969400244798042 , 0.9643823904387284, 0.06594151258468628
1wpuA00   ,    147, 1.2478876397944987,    8546.22509765625,     0.6315705910053526, 0.1206963249516441  , 0.7205542725173211 , 0.20675944333996024, 0.7221735265415794, 0.1419467180967331  ,     0.6298665939373225 , 0.1206963249516441  , 0.7205542725173211 , 0.20675944333996024, 0.7201035573779511, 0.14243201911449432
2hzdA00   ,     82, 1.081067366991192 ,    8379.79833984375,     0.7527728892641459, 0.6196542311191993  , 0.6823647294589178 , 0.6494992846924178 , 0.8549253752852575, 0.07462619990110397 ,     0.7514277370927822 , 0.6202185792349727  , 0.6823647294589178 , 0.6498091603053435 , 0.8528365383371133, 0.07505648583173752
3udcA03   ,     88, 1.078021986875683 ,    8391.0654296875 ,     0.8862012512780564, 0.5378151260504201  , 0.851063829787234  , 0.659114315139032  , 0.9584920760504406, 0.059883058071136475,     0.8856999334335938 , 0.5378151260504201  , 0.851063829787234  , 0.659114315139032  , 0.957966858558714 , 0.06022375077009201
4as4A01   ,    144, 1.2648942531086504,    8541.09375      ,     0.7681282651446036, 0.7240143369175627  , 0.5756808106396454 , 0.6413829599576645 , 0.9028357889644282, 0.05670449510216713 ,     0.7679941279308127 , 0.7243027888446215  , 0.5756808106396454 , 0.6414961185603388 , 0.902367477582876 , 0.05690137296915054
1u8vA02   ,    133, 1.2493296349421144,    8507.6181640625 ,     0.7797022452693003, 0.705757682797598   , 0.6170475602223595 , 0.6584280771131982 , 0.9044875680287657, 0.07087445259094238 ,     0.7794694429132472 , 0.7060070671378091  , 0.6170475602223595 , 0.6585365853658537 , 0.9037144552385111, 0.0711422860622406
1gt7A00   ,    274, 2.504016473889351 ,    9114.33984375   ,     0.8982409842589185, 0.5353348729792148  , 0.8243243243243243 , 0.6491178941472977 , 0.983487338349554 , 0.03508756682276726 ,     0.8981879990839569 , 0.5353348729792148  , 0.8243243243243243 , 0.6491178941472977 , 0.983434606552949 , 0.035151682794094086
2eyzA03   ,     91, 1.0762291005812585,    8399.79541015625,     0.7578820583442618, 0.8627551020408163  , 0.6788438378161381 , 0.759829251853516  , 0.8483934099709546, 0.06928175687789917 ,     0.7555690510776452 , 0.8627551020408163  , 0.6788438378161381 , 0.759829251853516  , 0.8441088667332072, 0.06966184824705124
4wcgA00   ,     61, 1.0740753477439284,    8350.05322265625,     0.8927477146691651, 0.21739130434782608 , 0.9900990099009901 , 0.35650623885918004, 0.966996699669967 , 0.07721774280071259 ,     0.8909430850546014 , 0.21739130434782608 , 0.9900990099009901 , 0.35650623885918004, 0.9664145130533874, 0.07785500586032867
1k32A01   ,    272, 2.42288908502087  ,    9103.5712890625 ,     0.9108742921045108, 0.4118421052631579  , 0.859103385178408  , 0.5567743848206345 , 0.9836781458155692, 0.04526834562420845 ,     0.9108032654438303 , 0.4118421052631579  , 0.859103385178408  , 0.5567743848206345 , 0.9836160768568946, 0.0453517846763134
1m5yA01   ,    124, 1.0916653843596578,    8482.0908203125 ,     0.8415819999137226, 0.46375266524520253 , 0.7538994800693241 , 0.5742574257425742 , 0.9407601229037834, 0.04836076870560646 ,     0.8412709203439257 , 0.46375266524520253 , 0.7538994800693241 , 0.5742574257425742 , 0.9402548095492975, 0.04855599254369736
3k6yA01   ,     92, 1.0970468181185424,    8400.4609375    ,     0.716046420487719 , 0.44468546637744033 , 0.5774647887323944 , 0.5024509803921569 , 0.8712633266949796, 0.08447714149951935 ,     0.7150845232499716 , 0.44468546637744033 , 0.5774647887323944 , 0.5024509803921569 , 0.8696170116209339, 0.08493588119745255
1hezE00   ,     61, 1.0779873090796173,    8350.11279296875,     0.8899031580956016, 0.37166324435318276 , 0.9627659574468085 , 0.5362962962962964 , 0.9537337404191712, 0.06418096274137497 ,     0.8882039287843055 , 0.37166324435318276 , 0.9627659574468085 , 0.5362962962962964 , 0.952875968590458 , 0.0646999403834343
4nwvA01   ,    184, 1.2751901079900563,    8667.73291015625,     0.8434237193182879, 0.3741935483870968  , 0.7788719785138765 , 0.5055200464846019 , 0.9449974964451106, 0.06094733998179436 ,     0.8432498451001853 , 0.37467700258397935 , 0.7788719785138765 , 0.5059610351846467 , 0.9447863533021155, 0.06111349165439606
1k8bA00   ,     52, 1.0826695868745446,    8342.9248046875 ,     0.7630161266551347, 0.5287528005974608  , 0.8613138686131386 , 0.6552521980564553 , 0.8639292464660725, 0.10492968559265137 ,     0.7596186829404491 , 0.5307346326836582  , 0.8613138686131386 , 0.6567717996289424 , 0.8609123422812546, 0.10583147406578064
3r4rA02   ,    125, 1.1046484322287142,    8485.23095703125,     0.6438447399451145, 0.15849265724577447 , 0.7204030226700252 , 0.2598228480581422 , 0.7066331891121145, 0.16860589385032654 ,     0.6419007637789459 , 0.15849265724577447 , 0.7204030226700252 , 0.2598228480581422 , 0.7039972739769085, 0.169284388422966
1gikA01   ,    177, 1.2656534002162516,    8641.31884765625,     0.8477771470220015, 0.5577029265599116  , 0.7514880952380952 , 0.6402535657686212 , 0.9545004528556299, 0.057082146406173706,     0.8476032381755401 , 0.5577029265599116  , 0.7514880952380952 , 0.6402535657686212 , 0.954236209397334 , 0.05724383890628815
1fp3A00   ,    402, 6.0236589019186795,    9968.322265625  ,     0.9338084605533548, 0.37989366843885936 , 0.8918305597579426 , 0.5328211501525252 , 0.990518547373358 , 0.031092029064893723,     0.9337809189511089 , 0.3799548823718982  , 0.8918305597579426 , 0.5328813559322034 , 0.9904953339017822, 0.031130705028772354
1j2rA00   ,    188, 1.27686704415828  ,    8680.02197265625,     0.837123779130766 , 0.6183206106870229  , 0.7110460863204097 , 0.6614494726097312 , 0.9639338757100777, 0.045017629861831665,     0.8370170904120708 , 0.6183206106870229  , 0.7110460863204097 , 0.6614494726097312 , 0.9637471499321065, 0.045137688517570496
1sixA00   ,    153, 1.234542726073414 ,    8563.67333984375,     0.7144113591291594, 0.7382992748846408  , 0.4713804713804714 , 0.5753917287438994 , 0.9071892208248535, 0.051485516130924225,     0.7142354151109015 , 0.7382992748846408  , 0.4713804713804714 , 0.5753917287438994 , 0.906493304387003 , 0.05165425315499306
4omfG01   ,    159, 1.2388834212906659,    8582.61572265625,     0.8796113385813538, 0.5698684537105981  , 0.8361252731245448 , 0.6777859778597786 , 0.9564338131620458, 0.05348873883485794 ,     0.8793604556541565 , 0.5700099304865939  , 0.8361252731245448 , 0.6778860348390907 , 0.9561586118307488, 0.053657498210668564
1ybzA00   ,     76, 1.0764330360107124,    8369.52294921875,     0.6514741145824349, 0.9090909090909091  , 0.3206997084548105 , 0.47413793103448276, 0.8318113074784974, 0.06831560283899307 ,     0.6512888987084596 , 0.9090909090909091  , 0.3206997084548105 , 0.47413793103448276, 0.8286196725493367, 0.06876525282859802
3zdbA02   ,     89, 1.0685093682259321,    8394.2177734375 ,     0.7886212898705663, 0.47578589634664403 , 0.7681755829903978 , 0.5876180482686255 , 0.8851081613243434, 0.06959448754787445 ,     0.7872882935347345 , 0.47578589634664403 , 0.7681755829903978 , 0.5876180482686255 , 0.8835177028764404, 0.0699867531657219
1pytA00   ,     94, 1.0907029672525823,    8404.80224609375,     0.734592393068086 , 0.6700434153400868  , 0.533410138248848  , 0.5939704939063503 , 0.9077990523787889, 0.07130515575408936 ,     0.734161535010807  , 0.6700434153400868  , 0.533410138248848  , 0.5939704939063503 , 0.9065728388175507, 0.07168690115213394
4u8uM02   ,    166, 1.2748176311142743,    8604.5576171875 ,     0.8827235920985805, 0.4552238805970149  , 0.8273736128236745 , 0.587308533916849  , 0.9637090244352614, 0.04699688032269478 ,     0.8825241240150661 , 0.4552238805970149  , 0.8273736128236745 , 0.587308533916849  , 0.9634809287540037, 0.04713866114616394
1zu2A00   ,    158, 1.2919907071627676,    8580.24072265625,     0.8460869822135555, 0.5671267252195734  , 0.7533333333333333 , 0.6471009305654974 , 0.9523716244164746, 0.04223262518644333 ,     0.8458713439852421 , 0.5671267252195734  , 0.7533333333333333 , 0.6471009305654974 , 0.9520371775417299, 0.04236575961112976
1ss3A00   ,     50, 1.1092228088527918,    8341.6572265625 ,     0.6990461222457363, 0.7084233261339092  , 0.592057761732852  , 0.6450344149459194 , 0.790707083281464 , 0.10695350170135498 ,     0.6954327556801368 , 0.7084233261339092  , 0.592057761732852  , 0.6450344149459194 , 0.7832051951126343, 0.10802227258682251
1k4tA03   ,    155, 1.20561706693843  ,    8572.3017578125 ,     0.7566148490017597, 0.5370370370370371  , 0.5765832106038291 , 0.5561079545454546 , 0.9191205483297833, 0.05179211497306824 ,     0.7563827464572517 , 0.5370370370370371  , 0.5765832106038291 , 0.5561079545454546 , 0.918576347962616 , 0.05195937678217888
1encA00   ,    135, 1.2464777948334813,    8514.7470703125 ,     0.9163936310858194, 0.42990654205607476 , 0.8888888888888888 , 0.5795275590551181 , 0.9771376263162703, 0.05122588947415352 ,     0.916174255590314  , 0.42990654205607476 , 0.8888888888888888 , 0.5795275590551181 , 0.9769603669952766, 0.05141471326351166
2b0fA02   ,     69, 1.0906902998685837,    8361.1494140625 ,     0.8826527701948386, 0.4606240713224368  , 0.9422492401215805 , 0.6187624750499002 , 0.9555296109970687, 0.06490225344896317 ,     0.881139493635406  , 0.4606240713224368  , 0.9422492401215805 , 0.6187624750499002 , 0.9547689623006873, 0.06537307798862457
3qneA01   ,    109, 1.084864692762494 ,    8439.79931640625,     0.9289298115500144, 0.29297954671089    , 0.9706959706959707 , 0.4501061571125266 , 0.9749206241486789, 0.04132090508937836 ,     0.9284265529588887 , 0.29314159292035397 , 0.9706959706959707 , 0.4502973661852166 , 0.9746813552265182, 0.04147132858633995
2clsA00   ,    179, 1.2762240408919752,    8647.87744140625,     0.8869237702427746, 0.533204384268214   , 0.8220675944333996 , 0.6468517794290184 , 0.973764459763117 , 0.05201052501797676 ,     0.8867791908515407 , 0.533204384268214   , 0.8220675944333996 , 0.6468517794290184 , 0.973624251143058 , 0.052155885845422745
1y1uA04   ,     87, 1.0656687901355326,    8390.03515625   ,     0.8301522588470542, 0.4941921858500528  , 0.8096885813148789 , 0.6137704918032787 , 0.9151321089245084, 0.06023158133029938 ,     0.829125036784534  , 0.4941921858500528  , 0.8096885813148789 , 0.6137704918032787 , 0.9139767007582263, 0.06057906150817871
2oi2A02   ,    134, 1.2398736630566418,    8511.04443359375,     0.8352409383922597, 0.596579476861167   , 0.7196601941747572 , 0.6523652365236523 , 0.9549024125392028, 0.04841572791337967 ,     0.8350372196297305 , 0.596579476861167   , 0.7196601941747572 , 0.6523652365236523 , 0.9546018661137796, 0.048596855252981186
4ylqT01   ,    105, 1.0439161323010921,    8428.54443359375,     0.8975856064783769, 0.3293201133144476  , 0.9830866807610994 , 0.493368700265252  , 0.9539171202888302, 0.07977813482284546 ,     0.8965964785397637 , 0.3293201133144476  , 0.9830866807610994 , 0.493368700265252  , 0.9534319887097574, 0.08016041666269302
4gnxC02   ,    141, 1.2201324668712914,    8531.759765625  ,     0.878153527304504 , 0.5266084193804607  , 0.8215613382899628 , 0.6418199419167473 , 0.9603580891429477, 0.05759347975254059 ,     0.8778997246453676 , 0.5266084193804607  , 0.8215613382899628 , 0.6418199419167473 , 0.960068997945129 , 0.0577985942363739
2k4qA00   ,    156, 1.2320013148710132,    8575.4775390625 ,     0.7050087018837019, 0.6126742045753353  , 0.48541666666666666, 0.5416715099383936 , 0.8662511517199017, 0.07721620053052902 ,     0.7047826367389061 , 0.6131578947368421  , 0.48541666666666666, 0.541860465116279  , 0.8654304050567595, 0.07746471464633942
4b8tA00   ,    106, 1.1575970859266818,    8430.97705078125,     0.7833457097124364, 0.6979014153245485  , 0.7352185089974294 , 0.7160741111667502 , 0.884427458904239 , 0.05502007529139519 ,     0.7821120169296539 , 0.6979014153245485  , 0.7352185089974294 , 0.7160741111667502 , 0.8827385703532219, 0.055276233702898026
2pk0A00   ,    247, 2.040698225609958 ,    8951.09521484375,     0.8074530741150847, 0.6070018425901553  , 0.6409116175653141 , 0.623496011896715  , 0.9621922475089146, 0.041114386171102524,     0.8074056373460886 , 0.607161664033702   , 0.6409116175653141 , 0.623580313683072  , 0.9620982940592137, 0.0411977581679821
1kx3G00   ,    106, 1.103105098940432 ,    8431.0068359375 ,     0.7303689969757432, 0.6754716981132075  , 0.5671736375158428 , 0.6166035136066138 , 0.8025091292399202, 0.0752294510602951  ,     0.7296615616723934 , 0.6754716981132075  , 0.5671736375158428 , 0.6166035136066138 , 0.8002653109297231, 0.075582355260849
4ayoA00   ,    434, 7.270248265936971 ,   10227.875        ,     0.9225265495665449, 0.37988325101032777 , 0.8673957621326043 , 0.5283647340480899 , 0.9899418244542096, 0.03566338121891022 ,     0.9225030444211855 , 0.37994011976047903 , 0.8673957621326043 , 0.52841973766396   , 0.9899231716775994, 0.03570444881916046
2l1sA00   ,     83, 1.0590227278880775,    8381.70947265625,     0.7582374097038902, 0.19723435225618632 , 0.8685897435897436 , 0.3214709371293001 , 0.8647799128246055, 0.11752636730670929 ,     0.7558736488896631 , 0.19723435225618632 , 0.8685897435897436 , 0.3214709371293001 , 0.8629644376975338, 0.11823979020118713
1f1sA01   ,    275, 2.5439833630807698,    9120.8837890625 ,     0.8613948667412772, 0.6412020275162925  , 0.7507418397626113 , 0.6916617848076548 , 0.973867596620792 , 0.04039570316672325 ,     0.8613404521046606 , 0.6412020275162925  , 0.7507418397626113 , 0.6916617848076548 , 0.9737788457831289, 0.04046931117773056
2e8gA01   ,    124, 1.0826092860661447,    8482.49560546875,     0.9348852161814617, 0.3276010318142734  , 0.9769230769230769 , 0.4906632324533162 , 0.9795479618581838, 0.0736752524971962  ,     0.9344261597992941 , 0.3276010318142734  , 0.9769230769230769 , 0.4906632324533162 , 0.9793727232781959, 0.07397383451461792
2m63A00   ,    157, 1.2435573698021472,    8577.986328125  ,     0.8679860498135658, 0.3150563129816242  , 0.9423758865248227 , 0.47223456241670364, 0.9369143346150789, 0.07426942139863968 ,     0.8672573802115029 , 0.3150563129816242  , 0.9423758865248227 , 0.47223456241670364, 0.9364689105520535, 0.07450706511735916
4a18L02   ,     71, 1.0741983377374709,    8363.4541015625 ,     0.7218274881280851, 0.9063856168629882  , 0.7320981472208312 , 0.809972299168975  , 0.822708274446053 , 0.09233680367469788 ,     0.7154343195120549 , 0.90863890615289    , 0.7320981472208312 , 0.8108707709373267 , 0.814762102169648 , 0.09299119561910629
1m06G00   ,    187, 1.3241063989698887,    8677.50537109375,     0.5769903544539157, 0.11597830621610346 , 0.5519523494374586 , 0.19168007354631117, 0.6129687577976238, 0.15295390784740448 ,     0.5758187439882507 , 0.11597830621610346 , 0.5519523494374586 , 0.19168007354631117, 0.6106899529395683, 0.15336450934410095
3stdA00   ,    162, 1.4506491380743682,    8594.0732421875 ,     0.8409285437761645, 0.543921916592724   , 0.7237308146399055 , 0.6210739614994933 , 0.9640777441406955, 0.03840622678399086 ,     0.8407894683335659 , 0.543921916592724   , 0.7237308146399055 , 0.6210739614994933 , 0.9638441612661423, 0.038525138050317764
5a0wD02   ,     94, 1.0767304943874478,    8405.10986328125,     0.7938251941226034, 0.47113594040968343 , 0.7397660818713451 , 0.5756541524459613 , 0.9018574768916578, 0.06762009859085083 ,     0.7928556473907851 , 0.47113594040968343 , 0.7397660818713451 , 0.5756541524459613 , 0.9006066042060218, 0.06798234581947327
2f40A00   ,     74, 1.071086676325649 ,    8366.61181640625,     0.6359354825053447, 0.6438356164383562  , 0.473551637279597  , 0.5457184325108854 , 0.7362585801613806, 0.13745827972888947 ,     0.6334645603616528 , 0.6438356164383562  , 0.473551637279597  , 0.5457184325108854 , 0.7297985442696604, 0.13839620351791382
4e9xA02   ,    162, 1.2403805148787796,    8594.08251953125,     0.8722431175485429, 0.6443228454172366  , 0.8130034522439585 , 0.7189010429916051 , 0.9593081855542716, 0.051336608827114105,     0.8719976121699311 , 0.6443228454172366  , 0.8130034522439585 , 0.7189010429916051 , 0.9590265046694224, 0.051495034247636795
1fmtB01   ,    201, 1.422710376791656 ,    8728.494140625  ,     0.8554520371268794, 0.49575070821529743 , 0.7478632478632479 , 0.596252129471891  , 0.9713632288965155, 0.039067186415195465,     0.8553551263319579 , 0.49575070821529743 , 0.7478632478632479 , 0.596252129471891  , 0.9712223618180099, 0.03916433826088905
2kp8A00   ,     72, 1.0846782280132174,    8364.91162109375,     0.6409133148291196, 0.7892813641900122  , 0.437542201215395  , 0.5629887054735013 , 0.7097899526617077, 0.09087331593036652 ,     0.6383059843286277 , 0.7892813641900122  , 0.437542201215395  , 0.5629887054735013 , 0.7001143162225397, 0.09149506688117981
3e6uA00   ,    409, 6.257920282892883 ,   10024.22119140625,     0.8817378682260362, 0.48210648821646784 , 0.7853080568720379 , 0.5974400576888408 , 0.9836906265212702, 0.03377668932080269 ,     0.8817165668616147 , 0.48224679860302677 , 0.7853080568720379 , 0.5975477821853589 , 0.9836675119375032, 0.033817924559116364
1t4mA00   ,    179, 1.2715525589883327,    8648.173828125  ,     0.9320268625493999, 0.381536475145255   , 0.9263322884012539 , 0.5404663923182442 , 0.9772050435931806, 0.06131350249052048 ,     0.931844624551114  , 0.381536475145255   , 0.9263322884012539 , 0.5404663923182442 , 0.9770738430740641, 0.06148542836308479
2d05A02   ,    111, 1.0727560883387923,    8445.26513671875,     0.849909914634025 , 0.5681818181818182  , 0.8171603677221655 , 0.6702974444909928 , 0.9256405158724018, 0.05564738065004349 ,     0.8492746824954955 , 0.5681818181818182  , 0.8171603677221655 , 0.6702974444909928 , 0.9248468721018884, 0.0558936782181263
2ifsA00   ,    169, 1.2499624942429364,    8614.71630859375,     0.6937872634234363, 0.38182391921741876 , 0.5497501135847342 , 0.4506517690875233 , 0.8114523313940194, 0.0570717453956604  ,     0.6932160321987865 , 0.38182391921741876 , 0.5497501135847342 , 0.4506517690875233 , 0.8101383678910586, 0.05724107474088669
3t3pB01   ,     57, 1.0921617401763797,    8346.572265625  ,     0.8476820010071329, 0.42525399129172714 , 0.9932203389830508 , 0.5955284552845529 , 0.9511986792537018, 0.08657170832157135 ,     0.8444195468935238 , 0.42525399129172714 , 0.9932203389830508 , 0.5955284552845529 , 0.9501296264933102, 0.08733773231506348
3gvdA02   ,    129, 1.2384874210692942,    8497.4609375    ,     0.7942152382191972, 0.33840864440078583 , 0.7698324022346369 , 0.4701467076083248 , 0.8974473061836966, 0.08419937640428543 ,     0.7934204804271948 , 0.33840864440078583 , 0.7698324022346369 , 0.4701467076083248 , 0.896556136485585 , 0.08452726900577545
1yrvA00   ,    153, 1.2332969717681408,    8564.11181640625,     0.9223733573963226, 0.41762452107279696 , 0.9276595744680851 , 0.5759577278731837 , 0.9749221354033178, 0.054480358958244324,     0.922083014369445  , 0.41762452107279696 , 0.9276595744680851 , 0.5759577278731837 , 0.9747466306700092, 0.054658979177474976
2mriA00   ,    176, 1.2502914010547101,    8638.69091796875,     0.9188653604827878, 0.48209042865531415 , 0.8982494529540481 , 0.6274359954145968 , 0.9775849666637539, 0.04470672458410263 ,     0.9188196042900849 , 0.48322542672160096 , 0.8982494529540481 , 0.6283964791427479 , 0.9775652248258411, 0.0448235459625721
5b00A00   ,    261, 2.312789425253868 ,    9051.447265625  ,     0.8518274509185663, 0.5628335759340126  , 0.7313997477931904 , 0.6361392925692351 , 0.9726357708503347, 0.03974396362900734 ,     0.8517869379579358 , 0.5631067961165048  , 0.7313997477931904 , 0.6363137685134393 , 0.9725605790713262, 0.03981966897845268
3ch3X00   ,    256, 2.080708668101579 ,    9015.19970703125,     0.9474502189427186, 0.404149377593361   , 0.9401544401544402 , 0.5652930934416716 , 0.9863613281259506, 0.03824116662144661 ,     0.9473585768674998 , 0.404149377593361   , 0.9401544401544402 , 0.5652930934416716 , 0.9863079223880072, 0.0383160375058651
1em7A00   ,     56, 1.074959984049201 ,    8344.83984375   ,     0.876786929884275 , 0.21475054229934923 , 1.0                , 0.35357142857142854, 0.9688374555631193, 0.07072985917329788 ,     0.8743927827897293 , 0.21475054229934923 , 1.0                , 0.35357142857142854, 0.9682319376975865, 0.07136653363704681
5ez3A03   ,    155, 1.243695365730673 ,    8572.75732421875,     0.8541137751330592, 0.4547216837441152  , 0.7978620019436345 , 0.5792908802257895 , 0.9401141645324246, 0.06751792132854462 ,     0.8539099116631799 , 0.45535219079312256 , 0.7978620019436345 , 0.5798022598870057 , 0.9398581784761271, 0.0677361711859703
4a5uA00   ,    148, 1.2587224440649152,    8551.5498046875 ,     0.7790253761509095, 0.1865577889447236  , 0.8114754098360656 , 0.3033707865168539 , 0.8870579491621485, 0.09560034424066544 ,     0.7781011979202012 , 0.1865577889447236  , 0.8114754098360656 , 0.3033707865168539 , 0.8862343393019295, 0.09592482447624207
5kcoA03   ,     58, 1.094260336831212 ,    8346.9921875    ,     0.84379042690815  , 0.2197092084006462  , 1.0                , 0.36026490066225164, 0.9595778479567765, 0.1037101149559021  ,     0.8408042188529994 , 0.2197092084006462  , 1.0                , 0.36026490066225164, 0.958805110706115 , 0.10461527854204178
2ja4A00   ,    101, 1.0891053546220064,    8420.0224609375 ,     0.9188108111998158, 0.39872842870118075 , 0.9799107142857143 , 0.566817301484829  , 0.9689697359330621, 0.05995193496346474 ,     0.9180301072515056 , 0.39872842870118075 , 0.9799107142857143 , 0.566817301484829  , 0.9686292256472341, 0.06025063619017601
1xk4D00   ,     92, 1.0876717269420624,    8401.119140625  ,     0.7339168132182733, 0.7272727272727273  , 0.5290581162324649 , 0.6125290023201857 , 0.8804704337555754, 0.06885753571987152 ,     0.7336319439380643 , 0.7282758620689656  , 0.5290581162324649 , 0.6128845037724898 , 0.8789879005187288, 0.069234199821949
1divA02   ,     90, 1.0599925019778311,    8395.994140625  ,     0.905107223265242 , 0.38248175182481753 , 0.9225352112676056 , 0.5407636738906089 , 0.9674861436275647, 0.05456499382853508 ,     0.904428046375539  , 0.38248175182481753 , 0.9225352112676056 , 0.5407636738906089 , 0.9671080771108781, 0.054863739758729935
2xt6B03   ,    259, 2.2778692431747913,    9034.4619140625 ,     0.8658689842652106, 0.6076449912126538  , 0.7598901098901099 , 0.67529296875      , 0.9765041274829898, 0.04747893661260605 ,     0.8658112826681406 , 0.6076449912126538  , 0.7598901098901099 , 0.67529296875      , 0.9764081681352423, 0.047570861876010895
4gvbA00   ,     77, 1.090133782941848 ,    8372.86962890625,     0.7586317722681359, 0.1560880829015544  , 0.9958677685950413 , 0.2698768197088466 , 0.9038392945229909, 0.1401144564151764  ,     0.7553854491261347 , 0.1561892417368762  , 0.9958677685950413 , 0.2700280112044818 , 0.9024845734133093, 0.14103317260742188
1ta9B01   ,    152, 1.2433983609080315,    8562.5234375    ,     0.8709808991626763, 0.5165767154973014  , 0.8004778972520908 , 0.6279287722586692 , 0.9597308566525673, 0.0532965213060379  ,     0.8707718934516869 , 0.5165767154973014  , 0.8004778972520908 , 0.6279287722586692 , 0.9595074275874376, 0.05346892029047012
1i5gA00   ,    144, 1.2479629763402045,    8541.916015625  ,     0.8699076355619713, 0.5149599662873999  , 0.7997382198952879 , 0.6265060240963856 , 0.9568133015039545, 0.05250793695449829 ,     0.8697075488901533 , 0.515177065767285   , 0.7997382198952879 , 0.6266666666666667 , 0.9565199778975422, 0.0526910163462162
2a6hC04   ,     65, 1.080925364047289 ,    8356.439453125  ,     0.5552324863687382, 0.07089337175792507 , 0.924812030075188  , 0.13169164882226977, 0.6426757725331262, 0.27059006690979004 ,     0.548435804457214  , 0.07089337175792507 , 0.924812030075188  , 0.13169164882226977, 0.6367111924649838, 0.27269577980041504
1ou5A02   ,    204, 1.4391443156637251,    8743.52001953125,     0.8478373951255831, 0.663151364764268   , 0.7237643872714963 , 0.6921333764972483 , 0.9733433380427711, 0.04480922967195511 ,     0.8477628946602425 , 0.663151364764268   , 0.7237643872714963 , 0.6921333764972483 , 0.973201938098955 , 0.0449194610118866
1kuxA00   ,    166, 1.28701379802078  ,    8605.1552734375 ,     0.8743905946941398, 0.5122282608695652  , 0.8046958377801494 , 0.6259858862598588 , 0.9684471439825925, 0.04257311671972275 ,     0.8742087121178533 , 0.5122282608695652  , 0.8046958377801494 , 0.6259858862598588 , 0.9682455087506147, 0.042701538652181625
3sqgA01   ,    103, 1.1294914772734046,    8424.52490234375,     0.5057289963784055, 0.533118332919871   , 0.7653133903133903 , 0.6284544524053225 , 0.5629760582193989, 0.08416209369897842 ,     0.49778961949207345, 0.533118332919871   , 0.7653133903133903 , 0.6284544524053225 , 0.5537708504477421, 0.08457361906766891
1n0eA00   ,    141, 1.2721117679029703,    8532.27880859375,     0.8237313315433822, 0.5289541918755402  , 0.707514450867052  , 0.6053412462908011 , 0.9493193101034577, 0.04006890580058098 ,     0.8234962593035982 , 0.5289541918755402  , 0.707514450867052  , 0.6053412462908011 , 0.9489227885599844, 0.04021158441901207
2jysA00   ,     91, 1.0748645747080445,    8400.62255859375,     0.7270629353340885, 0.5477855477855478  , 0.5710814094775213 , 0.5591909577632361 , 0.7803404567808878, 0.06110965833067894 ,     0.7262497511935284 , 0.5477855477855478  , 0.5710814094775213 , 0.5591909577632361 , 0.7775614440579073, 0.061447519809007645
3cuqB02   ,     80, 1.066955427173525 ,    8377.20361328125,     0.8664540539040422, 0.3728813559322034  , 0.8859060402684564 , 0.5248508946322068 , 0.9423025777177507, 0.05793600156903267 ,     0.8653848859623204 , 0.3728813559322034  , 0.8859060402684564 , 0.5248508946322068 , 0.9415331185307125, 0.0582902655005455
4i1tA02   ,     84, 1.0538276648148894,    8384.8212890625 ,     0.8577930651101382, 0.33236994219653176 , 0.9349593495934959 , 0.4904051172707889 , 0.9460130688676307, 0.08153046667575836 ,     0.8563150934685477 , 0.33236994219653176 , 0.9349593495934959 , 0.4904051172707889 , 0.9452864916842945, 0.08202000707387924
4aq1A03   ,    115, 1.0718336892314255,    8456.61376953125,     0.8191931615521801, 0.32934682612695493 , 0.8894409937888199 , 0.4806982208794897 , 0.8983774996457248, 0.09113840758800507 ,     0.8179378881987578 , 0.32934682612695493 , 0.8894409937888199 , 0.4806982208794897 , 0.897361274642182 , 0.09153711050748825
1xn4A00   ,    191, 1.3427487746812403,    8691.73681640625,     0.8707921811309205, 0.5045300113250283  , 0.7927046263345195 , 0.6166089965397924 , 0.9677995353799528, 0.05016366019845009 ,     0.8706487704846912 , 0.5045300113250283  , 0.7927046263345195 , 0.6166089965397924 , 0.9676301579313475, 0.05029541254043579
1zcdA00   ,    376, 5.046215103007853 ,    9768.04443359375,     0.8111827867074144, 0.6089102124742974  , 0.6435815705592581 , 0.6257660069028668 , 0.9605513566587079, 0.054741039872169495,     0.8111940575133686 , 0.6098297638660077  , 0.6435815705592581 , 0.626251233610602  , 0.9606537296780305, 0.05481331795454025
3kr9A01   ,    161, 1.441349783912301 ,    8590.59521484375,     0.904626746882246 , 0.44026635330983155 , 0.8672839506172839 , 0.5840478046245778 , 0.971538572413361 , 0.05109141767024994 ,     0.9044562329934032 , 0.44043887147335425 , 0.8672839506172839 , 0.5841995841995842 , 0.9713706307681128, 0.05122586712241173
2d0oA03   ,    151, 1.3606755719520152,    8560.251953125  ,     0.674517350854025 , 0.09108358052695864 , 0.8325358851674641 , 0.16420257942749292, 0.7737271639927523, 0.15324175357818604 ,     0.6728112217013241 , 0.09108358052695864 , 0.8325358851674641 , 0.16420257942749292, 0.7721302674589565, 0.1537517011165619
2bhzA04   ,     72, 1.0678572617471218,    8365.32666015625,     0.8296146953405018, 0.38016528925619836 , 0.8944444444444445 , 0.5335542667771335 , 0.9126568100358423, 0.11148261278867722 ,     0.8276867030965391 , 0.38016528925619836 , 0.8944444444444445 , 0.5335542667771335 , 0.9112249544626594, 0.11226451396942139
4bkmA02   ,    134, 1.2376645826734602,    8511.70703125   ,     0.906777725403914 , 0.5919028340080972  , 0.8754491017964072 , 0.7062801932367151 , 0.972607603165277 , 0.059207938611507416,     0.9065209847763611 , 0.5919028340080972  , 0.8754491017964072 , 0.7062801932367151 , 0.9723913243349853, 0.0594109371304512
2zvsA00   ,     81, 1.091423167847097 ,    8379.78662109375,     0.6201898099243285, 0.9315642458100558  , 0.29025239338555264, 0.4426011944260119 , 0.7232150094008065, 0.127108633518219   ,     0.6191177041237742 , 0.9315642458100558  , 0.29025239338555264, 0.4426011944260119 , 0.7127962744304565, 0.12789815664291382
1vq8P01   ,     55, 1.070542166940868 ,    8344.33251953125,     0.5730474596707135, 0.16947852760736196 , 0.9866071428571429 , 0.2892670157068063 , 0.6871673873274572, 0.19298963248729706 ,     0.5638824770590235 , 0.16947852760736196 , 0.9866071428571429 , 0.2892670157068063 , 0.6803451059250029, 0.19476795196533203
2zxrA04   ,    123, 1.1048356746323407,    8478.96630859375,     0.6372876417766757, 0.16337746689982513 , 0.7730496453900709 , 0.2697463394514333 , 0.7113910973387585, 0.14473587274551392 ,     0.6349850900827476 , 0.16337746689982513 , 0.7730496453900709 , 0.2697463394514333 , 0.7087248141010138, 0.1453278362751007
3n9kA00   ,    394, 5.786081961356103 ,    9904.65966796875,     0.8428757367192212, 0.5585080046212246  , 0.7035343035343036 , 0.6226883797957493 , 0.9776822044382174, 0.03468207269906998 ,     0.8428557195393604 , 0.5586001980851766  , 0.7035343035343036 , 0.6227456753772542 , 0.9776549401962648, 0.0347261056303978
1m55A00   ,    193, 1.3557571568526328,    8699.23876953125,     0.8193620063066709, 0.17339734538266027 , 0.8026143790849674 , 0.2851834649326521 , 0.9163505188556941, 0.08907870203256607 ,     0.8189168275540808 , 0.17339734538266027 , 0.8026143790849674 , 0.2851834649326521 , 0.9158960812646101, 0.08931037038564682
1okrA02   ,     51, 1.0654753409326077,    8343.73193359375,     0.6528579990875395, 0.874766355140187   , 0.49471458773784355, 0.6320054017555705 , 0.7703536827917712, 0.0631052777171135  ,     0.6455335856622348 , 0.874766355140187   , 0.49471458773784355, 0.6320054017555705 , 0.7525543481753278, 0.06372536718845367
2k60A01   ,     73, 1.1100638648495078,    8366.22900390625,     0.7584233360746055, 0.7187153931339978  , 0.6670092497430626 , 0.6918976545842217 , 0.8293851216058529, 0.1075042337179184  ,     0.7567674647506855 , 0.7187153931339978  , 0.6670092497430626 , 0.6918976545842217 , 0.8256434300121405, 0.10824725776910782
1pp9J00   ,     62, 1.0898873289115727,    8352.126953125  ,     0.6194752941210324, 0.8573224387177876  , 0.4739402362751911 , 0.6104273886775565 , 0.6963967385908951, 0.08880046010017395 ,     0.6119701181375956 , 0.8578616352201258  , 0.4739402362751911 , 0.6105640107430618 , 0.678487088501725 , 0.08947409689426422
4aybL00   ,     91, 1.0690663680434227,    8400.86572265625,     0.7153015021202176, 0.4160839160839161  , 0.5730337078651685 , 0.4821066846725185 , 0.8509598305194961, 0.0714954063296318  ,     0.7149442732874229 , 0.4180327868852459  , 0.5730337078651685 , 0.4834123222748815 , 0.850435217581052 , 0.07186952233314514
3vnxA00   ,    195, 1.3814939497970045,    8706.18359375   ,     0.8310416800493547, 0.5452991452991452  , 0.7237663074305162 , 0.6219839142091153 , 0.9503557749427642, 0.04106811806559563 ,     0.830866362670482  , 0.5452991452991452  , 0.7237663074305162 , 0.6219839142091153 , 0.9501016006626679, 0.04117304086685181
4glaC00   ,     89, 1.0674149100668728,    8395.095703125  ,     0.8616952559449282, 0.4838709677419355  , 0.8423326133909287 , 0.6146572104018913 , 0.9389375626218666, 0.06674619019031525 ,     0.8609288320357482 , 0.4838709677419355  , 0.8423326133909287 , 0.6146572104018913 , 0.9381737732050072, 0.06712410598993301
1wg1A01   ,     71, 1.083888877183199 ,    8364.0673828125 ,     0.9105539292952037, 0.5164835164835165  , 0.94               , 0.6666666666666667 , 0.9641544697140284, 0.061924777925014496,     0.9095881006864988 , 0.5164835164835165  , 0.94               , 0.6666666666666667 , 0.9635728451563692, 0.06236466020345688
1n3tA02   ,    136, 1.2440851163119078,    8516.92626953125,     0.8194983885265954, 0.6151877133105802  , 0.6939364773820982 , 0.6521935775667119 , 0.9287456629622338, 0.05975859984755516 ,     0.8192689388507346 , 0.6151877133105802  , 0.6939364773820982 , 0.6521935775667119 , 0.9282708433257485, 0.05997905135154724
1yj8A02   ,    158, 1.2627735249698162,    8581.1357421875 ,     0.8551631592850224, 0.5687952600394997  , 0.768              , 0.6535552193645991 , 0.9574841165018149, 0.055694349110126495,     0.854961163326831  , 0.5687952600394997  , 0.768              , 0.6535552193645991 , 0.9572418277472365, 0.05586979165673256
1efyA02   ,    213, 1.4304278763011098,    8777.4345703125 ,     0.87076773755049  , 0.551549652118912   , 0.7744227353463587 , 0.6442556335426671 , 0.9762653527592381, 0.03670794889330864 ,     0.8706861019636885 , 0.551549652118912   , 0.7744227353463587 , 0.6442556335426671 , 0.9761593192153725, 0.03679436072707176
2wwuA01   ,    284, 2.62263301294297  ,    9170.755859375  ,     0.8700527929920278, 0.5736434108527132  , 0.764277035236938  , 0.6553790049492055 , 0.9815504327493713, 0.03482406958937645 ,     0.8700082633372028 , 0.5736434108527132  , 0.764277035236938  , 0.6553790049492055 , 0.9814903926488142, 0.03488551452755928
2f1fA02   ,     78, 1.0748390019871294,    8374.92431640625,     0.8613905521673006, 0.4872611464968153  , 0.8429752066115702 , 0.6175580221997983 , 0.940296274359188 , 0.07393250614404678 ,     0.8605027548209366 , 0.4872611464968153  , 0.8429752066115702 , 0.6175580221997983 , 0.9394304616412055, 0.07440907508134842
1j2nA00   ,     99, 1.0510967592708766,    8416.7021484375 ,     0.7707358278027946, 0.8368200836820083  , 0.601684717208183  , 0.7000350017500876 , 0.894872107858465 , 0.08247438073158264 ,     0.7702685110029626 , 0.8368200836820083  , 0.601684717208183  , 0.7000350017500876 , 0.8932744516254166, 0.08289014548063278
3drxC01   ,     74, 1.0799503792077303,    8367.27197265625,     0.8319087951342456, 0.5599214145383105  , 0.8782742681047766 , 0.6838632273545292 , 0.9071340745160836, 0.07112418860197067 ,     0.8299753406800686 , 0.5599214145383105  , 0.8782742681047766 , 0.6838632273545292 , 0.9054610932398622, 0.07160817086696625
1w9cA00   ,    321, 3.5368112940341234,    9393.80078125   ,     0.8936865919475006, 0.6197343453510437  , 0.8076162215628091 , 0.7013098561305561 , 0.9857042246491958, 0.03039177879691124 ,     0.893653665931593  , 0.6197343453510437  , 0.8076162215628091 , 0.7013098561305561 , 0.985676759905501 , 0.030439160764217377
1nvpD01   ,     51, 1.0801094379276037,    8343.9111328125 ,     0.6704439310689311, 0.8473451327433629  , 0.47875            , 0.6118210862619808 , 0.7781093906093907, 0.09234116971492767 ,     0.6667434210526315 , 0.8473451327433629  , 0.47875            , 0.6118210862619808 , 0.7661973684210527, 0.09325521439313889
1wkvA01   ,     77, 1.080742696300149 ,    8373.33154296875,     0.617086576280263 , 0.11147388059701492 , 0.9372549019607843 , 0.19924968736973736, 0.7834272295373215, 0.17670349776744843 ,     0.6120194389998606 , 0.11147388059701492 , 0.9372549019607843 , 0.19924968736973736, 0.7803055329207684, 0.17786213755607605
4ifdG01   ,     61, 1.0874904883094132,    8351.28564453125,     0.6192514411177914, 0.21281216069489686 , 0.697508896797153  , 0.3261231281198004 , 0.6689186068387334, 0.22832360863685608 ,     0.6147324987536442 , 0.21281216069489686 , 0.697508896797153  , 0.3261231281198004 , 0.6624845785020298, 0.2302180677652359
4u77A00   ,    121, 1.0966199687682092,    8476.72314453125,     0.7372569736394174, 0.4926739926739927  , 0.5615866388308977 , 0.5248780487804878 , 0.8865625422971072, 0.06065838411450386 ,     0.7368390191932972 , 0.4926739926739927  , 0.5615866388308977 , 0.5248780487804878 , 0.8855024318753565, 0.06091001257300377
2m68A00   ,    142, 1.2304514651186764,    8535.12548828125,     0.8999544626593807, 0.4961618981158409  , 0.8777777777777778 , 0.6339723584485064 , 0.9689364767413372, 0.05403696000576019 ,     0.8996540231134297 , 0.4961618981158409  , 0.8777777777777778 , 0.6339723584485064 , 0.9686990544506032, 0.05422821640968323
3hrzB01   ,     76, 1.0756360800005496,    8370.5712890625 ,     0.7024689597018308, 0.8121645796064401  , 0.5678549093183239 , 0.6683842473316157 , 0.7888306355164763, 0.0968708023428917  ,     0.6999946009421356 , 0.8121645796064401  , 0.5678549093183239 , 0.6683842473316157 , 0.7829658724552565, 0.09748654067516327
2if7B02   ,     87, 1.0620562359690666,    8391.0048828125 ,     0.9221683757267298, 0.4550063371356147  , 0.9702702702702702 , 0.6194995685936152 , 0.9721794572431561, 0.06915824115276337 ,     0.921355841157087  , 0.4550063371356147  , 0.9702702702702702 , 0.6194995685936152 , 0.971822460253193 , 0.06955867260694504
1x3qA00   ,     57, 1.094026442617178 ,    8347.2177734375 ,     0.7234533702677747, 0.9085457271364318  , 0.5595567867036011 , 0.6925714285714287 , 0.8257516269655526, 0.12543703615665436 ,     0.7203242023186621 , 0.9085457271364318  , 0.5595567867036011 , 0.6925714285714287 , 0.8161305592903979, 0.12654554843902588
4hceA00   ,    129, 1.2566832113079727,    8498.08984375   ,     0.7075019021385327, 0.13700980392156864 , 0.8734375          , 0.236864406779661  , 0.8305594321658746, 0.143150195479393   ,     0.7055606617647059 , 0.13700980392156864 , 0.8734375          , 0.236864406779661  , 0.8291244378610819, 0.14370828866958618
1qhhD01   ,     76, 1.0925643187947571,    8370.5712890625 ,     0.7005084256658425, 0.7521865889212828  , 0.4933078393881453 , 0.5958429561200924 , 0.807611800707104 , 0.10115032643079758 ,     0.6995364030643609 , 0.7521865889212828  , 0.4933078393881453 , 0.5958429561200924 , 0.8039940985191183, 0.10181484371423721
1onkB01   ,    139, 1.2628856706432998,    8525.44580078125,     0.9002243980277543, 0.47388059701492535 , 0.8964705882352941 , 0.6200162733930025 , 0.9587005478089312, 0.05314573645591736 ,     0.8998426616957274 , 0.47388059701492535 , 0.8964705882352941 , 0.6200162733930025 , 0.9583727800695842, 0.05333682522177696
2mjhA00   ,    142, 1.2542894440703094,    8535.14306640625,     0.6856849979920885, 0.7072981366459627  , 0.4190432382704692 , 0.5262853841709995 , 0.8735205030342034, 0.06007903441786766 ,     0.68546904799832   , 0.7072981366459627  , 0.4190432382704692 , 0.5262853841709995 , 0.8726452281707124, 0.060290396213531494
5fl3A02   ,    254, 2.104809131938964 ,    9002.234375     ,     0.9370850852955743, 0.41303232426885583 , 0.9106334841628959 , 0.5683021531944934 , 0.9862259495498333, 0.03517884016036987 ,     0.9370269862648896 , 0.41324435318275154 , 0.9106334841628959 , 0.568502824858757  , 0.9861824563212367, 0.03524612635374069
1c8uA01   ,    156, 1.2612283919006586,    8576.4326171875 ,     0.7846761779538038, 0.6508833922261484  , 0.6156417112299465 , 0.6327722432153898 , 0.9423979625327711, 0.05557660385966301 ,     0.7845057716051564 , 0.6508833922261484  , 0.6156417112299465 , 0.6327722432153898 , 0.9420340844732009, 0.05575486645102501
3wlwA02   ,    112, 1.100883848965168 ,    8448.08203125   ,     0.7668899046060558, 0.5624036979969184  , 0.6443071491615181 , 0.6005758946935418 , 0.8427099966045437, 0.059120725840330124,     0.7662810583501866 , 0.5624036979969184  , 0.6443071491615181 , 0.6005758946935418 , 0.8410014240223065, 0.05938391014933586
4a17T00   ,     61, 1.09935929113999  ,    8351.33544921875,     0.71739926966494  , 0.8159203980099502  , 0.619452313503305  , 0.7042404723564144 , 0.7914091673013949, 0.1035761907696724  ,     0.7150439258826512 , 0.8179551122194514  , 0.619452313503305  , 0.7049973132724341 , 0.7855035401579201, 0.10438556969165802
2h6oA03   ,    110, 1.106360798701644 ,    8442.8720703125 ,     0.6478062190492029, 0.2339022498060512  , 0.6782902137232846 , 0.347851168156908  , 0.7170317137988056, 0.1572253257036209  ,     0.6457451852008511 , 0.2339022498060512  , 0.6782902137232846 , 0.347851168156908  , 0.7139836809470497, 0.15794490277767181
4huzA02   ,    151, 1.2747179539874196,    8560.59033203125,     0.8606999127852226, 0.49803328290468984 , 0.801363193768257  , 0.614293711513342  , 0.9480223768816964, 0.04878219962120056 ,     0.8604310627998404 , 0.49818401937046003 , 0.801363193768257  , 0.614408361328854  , 0.9476981283931631, 0.048942845314741135
1h7zA00   ,    191, 1.3073898470029235,    8692.15869140625,     0.695857146870583 , 0.11082650273224044 , 0.6926360725720384 , 0.19107905196525837, 0.772588003629965 , 0.13113024830818176 ,     0.6950221274064283 , 0.11082650273224044 , 0.6926360725720384 , 0.19107905196525837, 0.7713259251982275, 0.13147488236427307
1eswA00   ,    500, 9.981425405014306 ,   10825.5830078125 ,     0.9335216342408426, 0.42056206750458974 , 0.8836795252225519 , 0.5698976174528754 , 0.9928540873406757, 0.025348622351884842,     0.9335067678524087 , 0.42062146892655367 , 0.8836795252225519 , 0.5699521531100479 , 0.9928427343105095, 0.02537386119365692
1r55A00   ,    203, 1.4363486170768738,    8737.66259765625,     0.9481004749217985, 0.43898156277436345 , 0.9445843828715366 , 0.5994005994005994 , 0.9866100318146681, 0.04638092964887619 ,     0.9479885737991556 , 0.43911007025761123 , 0.9445843828715366 , 0.5995203836930456 , 0.9865466338755339, 0.046492815017700195
3cx5E01   ,     55, 1.0918520679697394,    8344.73779296875,     0.7054372016014601, 0.8947368421052632  , 0.7848309975267931 , 0.8361879666227492 , 0.799898704490997 , 0.08572330325841904 ,     0.6865331458222201 , 0.8947368421052632  , 0.7848309975267931 , 0.8361879666227492 , 0.780111900489792 , 0.0864301323890686
3gcfA03   ,     55, 1.048119612969458 ,    8344.73779296875,     0.7448794094723639, 0.8623676612127045  , 0.8250460405156538 , 0.8432941176470587 , 0.8230230645171737, 0.08492584526538849 ,     0.7333250252703583 , 0.8623676612127045  , 0.8250460405156538 , 0.8432941176470587 , 0.8108669463714535, 0.08570519089698792
1reoA03   ,    101, 1.0876488890498877,    8420.68505859375,     0.6399731672000006, 0.3809090909090909  , 0.8453261600537996 , 0.5251723417589305 , 0.7258115140032395, 0.09932304173707962 ,     0.6359664760414943 , 0.3809090909090909  , 0.8453261600537996 , 0.5251723417589305 , 0.7219253173872315, 0.0998184010386467
1yrxC01   ,    104, 1.0793975880369544,    8427.57421875   ,     0.8630984579028325, 0.4896373056994819  , 0.8059701492537313 , 0.6091861402095085 , 0.949281662724471 , 0.07613715529441833 ,     0.8626740453655601 , 0.4896373056994819  , 0.8059701492537313 , 0.6091861402095085 , 0.9487465766842365, 0.07650439441204071
4p2cA01   ,    170, 1.262386160902679 ,    8619.484375     ,     0.826306663343334 , 0.5451373746184038  , 0.7344300822561692 , 0.625782227784731  , 0.9344901502025893, 0.05224425718188286 ,     0.8260320671092898 , 0.5451373746184038  , 0.7344300822561692 , 0.625782227784731  , 0.9340613905831298, 0.05239846557378769
4r9iA02   ,    100, 1.0864446298219264,    8419.7177734375 ,     0.6115138270877213, 0.22629969418960244 , 0.7089820359281437 , 0.34308895972181974, 0.694364931601383 , 0.13046886026859283 ,     0.608561491840135  , 0.22629969418960244 , 0.7089820359281437 , 0.34308895972181974, 0.6906512612684715, 0.13112613558769226
3k2yA00   ,    103, 1.1028979169204831,    8425.12451171875,     0.8912923243863913, 0.5416393442622951  , 0.855072463768116  , 0.6631874749096748 , 0.9660896059725578, 0.0509183295071125  ,     0.8909534226597393 , 0.541994750656168   , 0.855072463768116  , 0.6634538152610442 , 0.9657586450859625, 0.05116688832640648
2hu9A02   ,     69, 1.0851075947284698,    8362.31689453125,     0.7308782627299957, 0.7190366972477065  , 0.6371951219512195 , 0.6756465517241379 , 0.819095502985105 , 0.0918559581041336  ,     0.728656298126858  , 0.7190366972477065  , 0.6371951219512195 , 0.6756465517241379 , 0.8147018970189702, 0.09252713620662689
3u61D03   ,     91, 1.0752820717170835,    8401.22216796875,     0.8694220852941927, 0.6496732026143791  , 0.8147540983606557 , 0.722909090909091  , 0.9522540112973363, 0.0558188296854496  ,     0.8689265470282475 , 0.6496732026143791  , 0.8147540983606557 , 0.722909090909091  , 0.9516729778676765, 0.05612685903906822
2lrrA00   ,     70, 1.0864553786814213,    8363.56884765625,     0.8403024596454193, 0.6804260985352862  , 0.8124006359300477 , 0.7405797101449275 , 0.9217611351054514, 0.060810159891843796,     0.8390110682449791 , 0.6804260985352862  , 0.8124006359300477 , 0.7405797101449275 , 0.9202319043897332, 0.06124485656619072
2kdcA00   ,    121, 1.0930439229123294,    8476.912109375  ,     0.580325280927136 , 0.7846309403437816  , 0.21742785093863828, 0.3405002193944713 , 0.6707788538642636, 0.10136814415454865 ,     0.5798599563552579 , 0.7846309403437816  , 0.21742785093863828, 0.3405002193944713 , 0.6680783734890416, 0.1017877459526062
1on2A01   ,     72, 1.079665808007121 ,    8365.80517578125,     0.8444540157687568, 0.44532488114104596 , 0.8438438438438438 , 0.5829875518672198 , 0.9242835132609369, 0.0735817477107048  ,     0.8431994747784222 , 0.44532488114104596 , 0.8438438438438438 , 0.5829875518672198 , 0.923067466927116 , 0.0740867406129837
2of5H00   ,    100, 1.1492573581635952,    8419.72705078125,     0.8998644406392694, 0.5037523452157598  , 0.9195205479452054 , 0.6509090909090909 , 0.9604231421853285, 0.07905866950750351 ,     0.8991785057637158 , 0.5037523452157598  , 0.9195205479452054 , 0.6509090909090909 , 0.9599732365288437, 0.07945643365383148
4h0oA02   ,    205, 1.444307457190007 ,    8747.03271484375,     0.7685645069439726, 0.6113074204946997  , 0.565359477124183  , 0.5874363327674023 , 0.9349441806749648, 0.05294177308678627 ,     0.7684898520811834 , 0.6113074204946997  , 0.565359477124183  , 0.5874363327674023 , 0.9346139136769259, 0.05307137593626976
3p5bL01   ,     75, 1.0948618799448013,    8369.8076171875 ,     0.6996206452698526, 0.7106549364613881  , 0.5872374798061389 , 0.643078283945157  , 0.7754663249250602, 0.09920354187488556 ,     0.6973272630000116 , 0.7106549364613881  , 0.5872374798061389 , 0.643078283945157  , 0.7704027630772659, 0.099868044257164
5ljwA02   ,    170, 1.2734510130248964,    8619.541015625  ,     0.922793830730311 , 0.46711864406779663 , 0.9030144167758847 , 0.6157283288650581 , 0.9787474716755364, 0.04530317336320877 ,     0.9226143985070425 , 0.46711864406779663 , 0.9030144167758847 , 0.6157283288650581 , 0.9786163009333104, 0.04543690383434296
2aujD04   ,     53, 1.1529423361644149,    8344.47314453125,     0.8833659491193737, 0.2988235294117647  , 1.0                , 0.4601449275362319 , 0.9595112254803766, 0.08437835425138474 ,     0.8808952837729815 , 0.2988235294117647  , 1.0                , 0.4601449275362319 , 0.9586535496012639, 0.08517936617136002
1f7uA02   ,    125, 1.100970019120723 ,    8486.6044921875 ,     0.8497772779218249, 0.6754563894523327  , 0.7458006718924972 , 0.7088877062267164 , 0.9556900840225705, 0.043469518423080444,     0.8495665164916766 , 0.6754563894523327  , 0.7458006718924972 , 0.7088877062267164 , 0.9553791329219321, 0.04364348202943802
2yrbA01   ,    135, 1.2646835059858859,    8515.96533203125,     0.9078782804858219, 0.5015576323987538  , 0.871841155234657  , 0.6367831245880026 , 0.97809153355047  , 0.05260954797267914 ,     0.907655355617564  , 0.5015576323987538  , 0.871841155234657  , 0.6367831245880026 , 0.9779218344163091, 0.05280527472496033
2dpoA02   ,    124, 1.0888266591355205,    8483.5205078125 ,     0.6420100981437677, 0.7956469165659008  , 0.3142311365807068 , 0.45053064019171507, 0.8231838827178389, 0.06984270364046097 ,     0.641840803286738  , 0.7956469165659008  , 0.3142311365807068 , 0.45053064019171507, 0.8213079186409402, 0.07012534886598587
3kljA03   ,     83, 1.0690446989610791,    8382.767578125  ,     0.8373270315529702, 0.5581920903954802  , 0.8125             , 0.6617548559946417 , 0.9264869603941106, 0.07894948869943619 ,     0.8363036672629696 , 0.5581920903954802  , 0.8125             , 0.6617548559946417 , 0.9253983852744563, 0.07942856103181839
4pytA01   ,     88, 1.0709024360403419,    8392.59375      ,     0.8644401850767214, 0.6639676113360324  , 0.8052373158756138 , 0.727810650887574  , 0.9572887133614492, 0.0722329169511795  ,     0.8639180051557118 , 0.6639676113360324  , 0.8052373158756138 , 0.727810650887574  , 0.9567457456729211, 0.07262921333312988
1iojA00   ,     57, 1.0613439320586622,    8347.4306640625 ,     0.6457281415974074, 0.931640625         , 0.3834405144694534 , 0.5432801822323462 , 0.7985029851566098, 0.08289065957069397 ,     0.6420043481438176 , 0.931640625         , 0.3834405144694534 , 0.5432801822323462 , 0.7821885961707103, 0.08362578600645065
4od9A00   ,     97, 1.0692564980126917,    8411.84765625   ,     0.6951144027815477, 0.7280080889787665  , 0.47462096242584045, 0.5746209098164404 , 0.7897685576537801, 0.10358930379152298 ,     0.6944624404356026 , 0.7280080889787665  , 0.47462096242584045, 0.5746209098164404 , 0.7869018911295852, 0.10412507504224777
4k2xA03   ,    112, 1.0849195141345263,    8448.27734375   ,     0.8528543429500237, 0.6478599221789884  , 0.7726218097447796 , 0.7047619047619047 , 0.9548737836180314, 0.05506370589137077 ,     0.852504405059166  , 0.6478599221789884  , 0.7726218097447796 , 0.7047619047619047 , 0.9544036290927181, 0.05531075596809387
1v4lA00   ,    135, 1.2581298798322678,    8515.96533203125,     0.8207317073170732, 0.47283049472830496 , 0.7197530864197531 , 0.570729319627998  , 0.9256588637216963, 0.07732928544282913 ,     0.8204108480064765 , 0.47283049472830496 , 0.7197530864197531 , 0.570729319627998  , 0.9250593297203296, 0.07761704176664352
2dnxA00   ,    130, 1.254016004037112 ,    8503.0830078125 ,     0.8935513996061974, 0.634445723053318   , 0.8508230452674898 , 0.7268732146780926 , 0.9671359719649518, 0.03817572817206383 ,     0.893305762482659  , 0.634689178818112   , 0.8508230452674898 , 0.727032967032967  , 0.966880283163989 , 0.03831975907087326
1a6aB01   ,     89, 1.073987484909594 ,    8395.49560546875,     0.7615537273514625, 0.6577464788732394  , 0.5994865211810013 , 0.6272666218938885 , 0.908270434598934 , 0.062450308352708817,     0.7610119886746576 , 0.6577464788732394  , 0.5994865211810013 , 0.6272666218938885 , 0.9069923227796276, 0.06280364841222763
2htjA01   ,     60, 1.082496475894004 ,    8351.2001953125 ,     0.8698547952881559, 0.35934664246823955 , 0.9611650485436893 , 0.5231175693527081 , 0.9448264730603843, 0.07506515830755234 ,     0.8677308618677526 , 0.35934664246823955 , 0.9611650485436893 , 0.5231175693527081 , 0.9437681573262483, 0.07568459957838058
2j0wA02   ,     93, 1.0793047323822975,    8404.96923828125,     0.7846917210163766, 0.2143227815256876  , 0.9582366589327146 , 0.35029686174724345, 0.8848238050388579, 0.11640191823244095 ,     0.7823416203423645 , 0.2143227815256876  , 0.9582366589327146 , 0.35029686174724345, 0.8834316311200399, 0.11703275889158249
3et4A00   ,    244, 2.0082322540692985,    8930.35498046875,     0.6934872491709034, 0.6824480369515011  , 0.4074457083764219 , 0.5102525361536802 , 0.9329477193996851, 0.04634181037545204 ,     0.6934405584319948 , 0.6824480369515011  , 0.4074457083764219 , 0.5102525361536802 , 0.932794417432917 , 0.04643112048506737
1cliA02   ,    175, 1.0926994462497532,    8635.44970703125,     0.8969326245730366, 0.46846846846846846 , 0.848851269649335  , 0.6037411309395828 , 0.9728005952831871, 0.059628117829561234,     0.8967829066679791 , 0.46862483311081443 , 0.848851269649335  , 0.6038709677419356 , 0.9726614589255898, 0.059798672795295715
1h19A02   ,     97, 1.0731686507351696,    8411.9345703125 ,     0.8307545718997993, 0.6420265780730897  , 0.7776659959758552 , 0.7033666969972704 , 0.9222261205014753, 0.07303237915039062 ,     0.8299853737388834 , 0.6420265780730897  , 0.7776659959758552 , 0.7033666969972704 , 0.9212742319564575, 0.07341077923774719
4nzcA02   ,     97, 1.073289877269417 ,    8411.9345703125 ,     0.6677526653231295, 0.3048069919883467  , 0.8488843813387424 , 0.44855305466237944, 0.7779230594464769, 0.10289638489484787 ,     0.6643604468001614 , 0.3048069919883467  , 0.8488843813387424 , 0.44855305466237944, 0.7749882551912055, 0.10343089699745178
4chdA00   ,    135, 1.2694988348521292,    8516.05224609375,     0.6216891929846626, 0.049440298507462684, 0.8229813664596274 , 0.09327701513551566, 0.7218923873563393, 0.1531267613172531  ,     0.6194466616775954 , 0.049440298507462684, 0.8229813664596274 , 0.09327701513551566, 0.7197403451858192, 0.15369707345962524
3pxgA04   ,     59, 1.0806808699853718,    8349.5517578125 ,     0.869585183386735 , 0.6321525885558583  , 0.8315412186379928 , 0.7182662538699691 , 0.9525209161795524, 0.05591980367898941 ,     0.8686337378106166 , 0.6321525885558583  , 0.8315412186379928 , 0.7182662538699691 , 0.9515428205282233, 0.05639319866895676
1pfjA00   ,    108, 1.0908210719935596,    8437.56298828125,     0.7675375700505294, 0.5277475516866159  , 0.6209987195902689 , 0.5705882352941177 , 0.8912928082343705, 0.06733688712120056 ,     0.7670733041617543 , 0.5277475516866159  , 0.6209987195902689 , 0.5705882352941177 , 0.8902040327909935, 0.06765012443065643
2gjhA00   ,     57, 1.1653256989084184,    8347.5390625    ,     0.8385797395325434, 0.5014084507042254  , 0.9595687331536388 , 0.6586493987049028 , 0.9352540648986073, 0.08525258302688599 ,     0.835294570658452  , 0.5014084507042254  , 0.9595687331536388 , 0.6586493987049028 , 0.9337477308982892, 0.08600012212991714
2i0rA01   ,    344, 4.043688062112778 ,    9543.65625      ,     0.9421795762338323, 0.4089171974522293  , 0.9164882226980728 , 0.5655142039198415 , 0.9885313724371604, 0.03912169486284256 ,     0.9421316015825636 , 0.4089171974522293  , 0.9164882226980728 , 0.5655142039198415 , 0.9884983435801905, 0.03917866572737694
3fewX01   ,     52, 1.0726332194171846,    8344.46337890625,     0.804758833194594 , 0.9448398576512456  , 0.9210754553339116 , 0.9328063241106719 , 0.8582069061700524, 0.10760315507650375 ,     0.781346976221869  , 0.9448398576512456  , 0.9210754553339116 , 0.9328063241106719 , 0.8368969614326036, 0.10864681005477905
3luyA02   ,     74, 1.080971801187843 ,    8367.7060546875 ,     0.9027577580558699, 0.250386398763524   , 0.9938650306748467 , 0.4                , 0.9663541604622073, 0.07426552474498749 ,     0.901384840002514  , 0.250386398763524   , 0.9938650306748467 , 0.4                , 0.9658636576793476, 0.07477114349603653
5gqbA01   ,    108, 1.0785842896439135,    8437.6044921875 ,     0.8258337764386152, 0.2790146849834202  , 0.9439102564102564 , 0.43071297989031077, 0.8998025104375911, 0.11819768697023392 ,     0.8243028193188263 , 0.2790146849834202  , 0.9439102564102564 , 0.43071297989031077, 0.8987527113618499, 0.11874856054782867
2ccmA00   ,    190, 1.3617052496410906,    8688.07421875   ,     0.887687919990287 , 0.5310971348707197  , 0.8145766345123259 , 0.6429780033840947 , 0.9781015670411839, 0.03454168885946274 ,     0.8875785299221246 , 0.5310971348707197  , 0.8145766345123259 , 0.6429780033840947 , 0.9779847352200286, 0.03463251143693924
5in3A01   ,    132, 1.246746223885566 ,    8508.01904296875,     0.7405391692859858, 0.7451292246520875  , 0.5272931907709623 , 0.6175646729279947 , 0.9111631481166665, 0.07007628679275513 ,     0.740353539627729  , 0.745425616547335   , 0.5272931907709623 , 0.6176664469347395 , 0.9104097233105796, 0.07034271955490112
1jh6A00   ,    181, 1.294467369094491 ,    8655.9453125    ,     0.9271493102134563, 0.3945868945868946  , 0.9081967213114754 , 0.5501489572989077 , 0.980551933185066 , 0.04483063891530037 ,     0.9269937688190031 , 0.3945868945868946  , 0.9081967213114754 , 0.5501489572989077 , 0.9804405737704918, 0.044954899698495865
3ifuA02   ,    116, 1.1485223970375955,    8460.17529296875,     0.5738608430613115, 0.18389423076923078 , 0.7434402332361516 , 0.2948544999036423 , 0.6417671523024772, 0.1550859808921814  ,     0.5707982942461559 , 0.18389423076923078 , 0.7434402332361516 , 0.2948544999036423 , 0.6380841089696445, 0.1557588130235672
5f8vA02   ,    107, 1.082096635363996 ,    8435.65771484375,     0.8511511320946289, 0.6339468302658486  , 0.775              , 0.6974128233970753 , 0.9407708904457305, 0.05145254731178284 ,     0.8507518989940464 , 0.6339468302658486  , 0.775              , 0.6974128233970753 , 0.9401508930404434, 0.05169089883565903
2wqpA02   ,     73, 1.0688838078640401,    8366.85302734375,     0.8583796718478954, 0.5641677255400254  , 0.8757396449704142 , 0.6862442040185471 , 0.9352595528190502, 0.08400653302669525 ,     0.8570117366766263 , 0.5641677255400254  , 0.8757396449704142 , 0.6862442040185471 , 0.9341459082510111, 0.08458761125802994
1jb3A00   ,    127, 1.0854727788828313,    8493.20556640625,     0.880753189770328 , 0.46274149034038636 , 0.8397328881469115 , 0.5966785290628707 , 0.9609868164843757, 0.05678809434175491 ,     0.8804176464511915 , 0.46274149034038636 , 0.8397328881469115 , 0.5966785290628707 , 0.9606666789962014, 0.05701267346739769
2lmlA00   ,     87, 1.0707491138018668,    8391.44189453125,     0.7530603290649087, 0.8258064516129032  , 0.5441020191285866 , 0.6559897501601537 , 0.9153476981171705, 0.06986946612596512 ,     0.752765295278579  , 0.8258064516129032  , 0.5441020191285866 , 0.6559897501601537 , 0.9140401548504631, 0.07027275115251541
1du5A00   ,    206, 1.4496688661165535,    8750.15087890625,     0.9460382627803703, 0.41805845511482254 , 0.9468085106382979 , 0.5800144822592325 , 0.9853377010303392, 0.04710909724235535 ,     0.945899198335578  , 0.41805845511482254 , 0.9468085106382979 , 0.5800144822592325 , 0.9852644461543073, 0.04722381755709648
2mdrA00   ,     94, 1.0674594701267779,    8406.28759765625,     0.8345522059705871, 0.6257197696737045  , 0.7780429594272077 , 0.6936170212765959 , 0.9239253476620312, 0.0729168951511383  ,     0.8338275934979231 , 0.6257197696737045  , 0.7780429594272077 , 0.6936170212765959 , 0.9229398301861683, 0.0733044371008873
1sk7A00   ,    187, 1.3146727937273681,    8678.703125     ,     0.9013652379249724, 0.44744744744744747 , 0.8465909090909091 , 0.5854616895874263 , 0.9794900686267339, 0.0416630320250988  ,     0.9012423593216277 , 0.44744744744744747 , 0.8465909090909091 , 0.5854616895874263 , 0.9793756162935764, 0.0417744405567646
3r20A00   ,    217, 1.5931871109642088,    8794.72802734375,     0.7746929506876215, 0.645369284876905   , 0.5773466177241741 , 0.6094658178798782 , 0.9429934835234112, 0.03819983825087547 ,     0.7746224936825618 , 0.645369284876905   , 0.5773466177241741 , 0.6094658178798782 , 0.942776164918757 , 0.03828788548707962
2l9wA00   ,    108, 1.0778175168670714,    8437.705078125  ,     0.8291328318856834, 0.527511961722488   , 0.7337770382695508 , 0.6137787056367432 , 0.92916778923549  , 0.07740473747253418 ,     0.828739011698036  , 0.527511961722488   , 0.7337770382695508 , 0.6137787056367432 , 0.9284365089797861, 0.07776141166687012
3mwnA00   ,    133, 1.227407859172672 ,    8509.37939453125,     0.8812874462620262, 0.6658408175905853  , 0.8339798293250582 , 0.7404856208024798 , 0.9628527536005989, 0.04982772096991539 ,     0.8810038016968461 , 0.6660470879801735  , 0.8339798293250582 , 0.74061315880124   , 0.9625499866833394, 0.050015319138765335
4kfuA00   ,    205, 1.4523858628235757,    8747.2998046875 ,     0.942765943927161 , 0.37293916998294485 , 0.9398280802292264 , 0.5339845339845339 , 0.985384061986297 , 0.04162481799721718 ,     0.9426282692854029 , 0.37293916998294485 , 0.9398280802292264 , 0.5339845339845339 , 0.9853112877424799, 0.04172663018107414
2yysA00   ,    284, 2.614774249959737 ,    9171.31298828125,     0.894047409794354 , 0.4562578484721641  , 0.8214016578749058 , 0.5866523143164694 , 0.9810587431655714, 0.03904511779546738 ,     0.8939865542520519 , 0.4562578484721641  , 0.8214016578749058 , 0.5866523143164694 , 0.9809919804937732, 0.039114005863666534
2hz8A00   ,    115, 1.0505904061719775,    8457.49072265625,     0.8928324410447006, 0.46303501945525294 , 0.8766114180478821 , 0.6059834500318269 , 0.9618609000683762, 0.05453096330165863 ,     0.8923975253912065 , 0.46303501945525294 , 0.8766114180478821 , 0.6059834500318269 , 0.9615088423521282, 0.05476859211921692
2rjiA00   ,     84, 1.0679354001767933,    8385.71240234375,     0.71982788382816  , 0.13990461049284578 , 0.9395017793594306 , 0.24354243542435425, 0.8373971265016599, 0.14052805304527283 ,     0.7165527617545983 , 0.13990461049284578 , 0.9395017793594306 , 0.24354243542435425, 0.8352668483963558, 0.14137201011180878
2zuoA05   ,     55, 1.0830548810772598,    8345.08544921875,     0.8077143772613804, 0.6838624338624338  , 0.8747884940778342 , 0.7676317743132888 , 0.8828135543736625, 0.10183686017990112 ,     0.8037253432357852 , 0.6838624338624338  , 0.8747884940778342 , 0.7676317743132888 , 0.8792097722360387, 0.10277524590492249
3fg6A01   ,     99, 1.0662042237818241,    8417.23681640625,     0.9045768777730527, 0.3945392491467577  , 0.9059561128526645 , 0.5496909177365668 , 0.9628220624242858, 0.049332741647958755,     0.9041033874060322 , 0.3948087431693989  , 0.9059561128526645 , 0.5499524262607041 , 0.9624516154022804, 0.04958071559667587
4fn5A05   ,     89, 1.2536567207425833,    8395.7294921875 ,     0.7449997100658687, 0.5597897503285151  , 0.5933147632311978 , 0.5760649087221096 , 0.8948838437963761, 0.06450053304433823 ,     0.7442808963122843 , 0.5597897503285151  , 0.5933147632311978 , 0.5760649087221096 , 0.8935272045028143, 0.06486289948225021
2vhjA02   ,     62, 1.082226128783077 ,    8352.78466796875,     0.5674408426248798, 0.20979899497487436 , 0.9382022471910112 , 0.34291581108829566, 0.6714595261670039, 0.23606431484222412 ,     0.5593291366248215 , 0.20979899497487436 , 0.9382022471910112 , 0.34291581108829566, 0.6648245068257512, 0.2379913628101349
4f92B03   ,     92, 1.0705145369283855,    8402.12939453125,     0.69342823036103  , 0.2724329324699352  , 0.8330975954738331 , 0.41059602649006616, 0.7700352102079508, 0.11331462115049362 ,     0.6904780877627861 , 0.2724329324699352  , 0.8330975954738331 , 0.41059602649006616, 0.7669945719985706, 0.11393548548221588
2bbrA01   ,     89, 1.0775700686499476,    8395.7294921875 ,     0.8405419494234003, 0.5076045627376425  , 0.8369905956112853 , 0.6319526627218935 , 0.9256003641930317, 0.070037841796875   ,     0.8394837053712314 , 0.5076045627376425  , 0.8369905956112853 , 0.6319526627218935 , 0.9245961009178699, 0.07043373584747314
1bg6A01   ,    192, 1.9291604273021221,    8696.5302734375 ,     0.8713699915501987, 0.49801849405548215 , 0.786235662148071  , 0.6097856854023455 , 0.9687175631677701, 0.050025004893541336,     0.8712498446552059 , 0.49801849405548215 , 0.786235662148071  , 0.6097856854023455 , 0.9685787363025796, 0.05015561729669571
4n8nC00   ,     99, 2.0844856458716094,    8417.259765625  ,     0.8948256398678188, 0.5063001145475372  , 0.8875502008032129 , 0.6447848285922684 , 0.9637067292452034, 0.05485199764370918 ,     0.8942690126460355 , 0.5063001145475372  , 0.8875502008032129 , 0.6447848285922684 , 0.9632972505690116, 0.05513019114732742
1ztmA03   ,     53, 2.0239421539008617,    8344.74658203125,     0.5678894711767508, 0.28129952456418383 , 1.0                , 0.4390847247990105 , 0.6268753061484678, 0.24651210010051727 ,     0.5566959921798631 , 0.28129952456418383 , 1.0                , 0.4390847247990105 , 0.6172098082138973, 0.2488699108362198
2lq3A01   ,     75, 2.002449770923704 ,    8370.087890625  ,     0.6129381004134841, 0.6085164835164835  , 0.8812997347480106 , 0.7199349945828818 , 0.7078898487484152, 0.10176558047533035 ,     0.6032386597970518 , 0.6085164835164835  , 0.8812997347480106 , 0.7199349945828818 , 0.6992441260397062, 0.10245084762573242
1lwuB02   ,     99, 2.119937132112682 ,    8417.259765625  ,     0.6984075153698377, 0.8064443947191765  , 0.6158578263841422 , 0.6983819397345219 , 0.7649816430853602, 0.10626005381345749 ,     0.6957211209842789 , 0.8066248880931065  , 0.6158578263841422 , 0.6984496124031008 , 0.7591446147837125, 0.10680075734853745
3gyrA02   ,    204, 2.8172127441503108,    8744.45703125   ,     0.812145281186005 , 0.45113143957631197 , 0.6829446064139941 , 0.543345897361554  , 0.9479424358753585, 0.05930984392762184 ,     0.8119905611981009 , 0.45113143957631197 , 0.6829446064139941 , 0.543345897361554  , 0.9476683245968295, 0.05945573374629021
1y5iA04   ,    191, 2.7182357129640877,    8692.61376953125,     0.7990408141257663, 0.6618989653073646  , 0.6721260815822002 , 0.6669733210671575 , 0.9107872294265573, 0.056320205330848694,     0.7988036672583347 , 0.6618989653073646  , 0.6721260815822002 , 0.6669733210671575 , 0.9102203864549175, 0.05646821856498718
1no5B00   ,    102, 2.120013016741723 ,    8423.4931640625 ,     0.88622756273926  , 0.5628342245989305  , 0.842              , 0.6746794871794872 , 0.9633889834113143, 0.051125869154930115,     0.8858462696194367 , 0.5628342245989305  , 0.842              , 0.6746794871794872 , 0.9629989249623737, 0.05137716606259346
1kzqA01   ,    129, 2.352031362708658 ,    8498.58935546875,     0.9351644412852906, 0.49959316517493896 , 0.9504643962848297 , 0.6549333333333334 , 0.9813392306595341, 0.054250482469797134,     0.9348248394039129 , 0.49959316517493896 , 0.9504643962848297 , 0.6549333333333334 , 0.9811822882552288, 0.054461389780044556
3fkeA01   ,     71, 2.082981136161834 ,    8364.7373046875 ,     0.8676661568490927, 0.5090609555189456  , 0.8728813559322034 , 0.6430801248699272 , 0.9456294551992918, 0.06932913511991501 ,     0.8665204527197385 , 0.5090609555189456  , 0.8728813559322034 , 0.6430801248699272 , 0.9447250302900153, 0.06981842964887619
