epoch,train_loss,val_loss,train_seconds,val_seconds,epoch_seconds,val_balanced_accuracy_n,val_balanced_accuracy_mean,val_balanced_accuracy_std,val_balanced_accuracy_sem,val_precision_n,val_precision_mean,val_precision_std,val_precision_sem,val_recall_n,val_recall_mean,val_recall_std,val_recall_sem,val_f1_n,val_f1_mean,val_f1_std,val_f1_sem,val_auroc_n,val_auroc_mean,val_auroc_std,val_auroc_sem,val_rmse_n,val_rmse_mean,val_rmse_std,val_rmse_sem,peak_gpu_memory_mib
1,4.469602240562439,4.107422695159912,2446.8286084951833,229.30462734401226,2676.1332358391955,100,0.8237008820887733,0.09435106695766513,0.009435106695766513,100,0.43349354913704635,0.14373622125980764,0.014373622125980765,100,0.7536793728584844,0.15346246373603387,0.015346246373603387,100,0.521235547885984,0.09248155623480311,0.009248155623480312,100,0.908988027927029,0.08803890413000569,0.00880389041300057,100,0.6201477038860321,0.1014798698347099,0.01014798698347099,23576.392578125
2,3.9100701813697816,3.6052080821990966,2163.180475473404,206.29727052059025,2369.477745993994,100,0.8116481007231878,0.10833161616489388,0.010833161616489388,100,0.3249743343442416,0.17015589209355933,0.017015589209355933,100,0.8469624979738053,0.1374496858550513,0.01374496858550513,100,0.43338408408393453,0.12622405615437385,0.012622405615437385,100,0.8909148964911346,0.09687369832977907,0.009687369832977907,100,0.5837395548820495,0.12831561446179615,0.012831561446179616,23577.453125
3,3.438014568328857,3.201502966880798,2090.24281716533,200.687164157629,2290.929981322959,100,0.8332922965552042,0.08723851061895224,0.008723851061895225,100,0.3656957215199248,0.16281660698484932,0.016281660698484933,100,0.835935747994367,0.14771729261095362,0.014771729261095361,100,0.4722972008597673,0.11012612969703511,0.011012612969703512,100,0.9111735358696477,0.0767728580815627,0.00767728580815627,100,0.4906338208913803,0.12735794933023092,0.012735794933023093,23577.728515625
4,3.0097529706954957,2.810811095237732,2091.625053357333,204.60498736985028,2296.230040727183,100,0.8298794195667765,0.08711342692659443,0.008711342692659444,100,0.38192215517025274,0.1631434665176256,0.01631434665176256,100,0.8138684516737057,0.13492062706165234,0.013492062706165233,100,0.48615483996372516,0.11895508780994275,0.011895508780994275,100,0.9144105915428844,0.07119807360943155,0.007119807360943154,100,0.44852851510047914,0.1282416326296992,0.01282416326296992,23577.728515625
5,2.6546402168273926,2.4914346313476563,2109.717535126023,198.49859783705324,2308.2161329630762,100,0.8194068933889508,0.09861589225786004,0.009861589225786003,100,0.38559606551959574,0.15591747669536055,0.015591747669536055,100,0.8280797610951555,0.10761637948902014,0.010761637948902014,100,0.4979833287075368,0.1313584203686569,0.01313584203686569,100,0.9026970342631069,0.08626883127287688,0.008626883127287687,100,0.32891482099890706,0.09442766822106892,0.009442766822106891,23578.01953125
6,2.352377019405365,2.204450736045837,2114.6130619291216,199.77703953441232,2314.390101463534,100,0.8273095008019345,0.08663659316030096,0.008663659316030097,100,0.4307692246934356,0.16340778351936908,0.016340778351936907,100,0.7850597842870245,0.13115488271888706,0.013115488271888706,100,0.5257680893163641,0.10985875572542228,0.010985875572542228,100,0.9103230727769288,0.08014263856623563,0.008014263856623563,100,0.27564161822199823,0.10421945255716782,0.010421945255716781,23578.068359375
7,2.085077984571457,1.9491577315330506,2112.4808873767033,201.6488814689219,2314.129768845625,100,0.8308632343926449,0.09032600715727455,0.009032600715727455,100,0.3985303184806309,0.1363320519122565,0.01363320519122565,100,0.8026947515605363,0.1342954566024695,0.01342954566024695,100,0.507818422534387,0.10125873873350816,0.010125873873350816,100,0.9112241704716091,0.08410498291777868,0.008410498291777868,100,0.23607016801834108,0.07494569983305863,0.0074945699833058625,23578.08203125
8,1.8773030107021331,1.7825679755210877,2068.1972724283114,195.4413585094735,2263.638630937785,100,0.8189439834681945,0.09791211100733693,0.009791211100733693,100,0.39362355895032036,0.16855359041841958,0.016855359041841957,100,0.7983764483589678,0.13178454317862384,0.013178454317862385,100,0.49629017593298885,0.13362745237619336,0.013362745237619336,100,0.8974348699995492,0.09351602141106131,0.00935160214110613,100,0.1938129061460495,0.03744265557136695,0.0037442655571366954,23578.095703125
9,1.7022427000999452,1.6144909238815308,2136.49011108838,205.62014991603792,2342.110261004418,100,0.8391343499752439,0.08460629109693144,0.008460629109693144,100,0.38045897219050917,0.16911156345171108,0.016911156345171107,100,0.824416500231119,0.12994234817997383,0.012994234817997382,100,0.4847713977619575,0.10947371800571959,0.010947371800571959,100,0.9187717448488337,0.06633104168428172,0.006633104168428172,100,0.1927843715250492,0.04140452881811132,0.004140452881811132,23578.14453125
10,1.5628827722072602,1.4718327116966248,1807.3056403249502,127.67095260322094,1934.9765929281712,100,0.8379753342189764,0.07515241668131102,0.007515241668131102,100,0.4000343332635953,0.12855547269074868,0.012855547269074868,100,0.8040872284423785,0.12013817139867851,0.012013817139867851,100,0.512384867585194,0.10223334119253243,0.010223334119253243,100,0.9207592794845647,0.06354783593442112,0.006354783593442112,100,0.17762559592723848,0.03194425325717148,0.0031944253257171476,23578.14453125
11,0.7543964375257493,0.7026129710674286,1481.1184193594381,142.64271151274443,1623.7611308721825,100,0.8316594940257002,0.08376842446250704,0.008376842446250704,100,0.39908715613267165,0.1383149446240688,0.01383149446240688,100,0.803624157264628,0.12630999944550864,0.012630999944550863,100,0.5106205072702982,0.11838560909738428,0.011838560909738428,100,0.9141433900877536,0.07410151841493735,0.007410151841493735,100,0.17560890652239322,0.03213346629884853,0.0032133466298848528,23590.3359375
12,0.6976201030015945,0.6972407162189483,1450.4309614226222,124.56083861086518,1574.9918000334874,100,0.8232520080587022,0.07642520778073028,0.007642520778073028,100,0.43353503918394715,0.14283451848085083,0.014283451848085082,100,0.7780075034125591,0.13061716277692892,0.013061716277692892,100,0.5303009801063968,0.105575571761804,0.0105575571761804,100,0.9077860624548955,0.0698458511986881,0.006984585119868809,100,0.17687637716531754,0.030556583531512603,0.00305565835315126,23590.41015625
13,0.670149583697319,0.6555196821689606,1354.8665108084679,121.69757530931383,1476.5640861177817,100,0.8255801411078866,0.09556457584114003,0.009556457584114003,100,0.4358825466847807,0.15599426162186886,0.015599426162186885,100,0.8035347927713303,0.12325807784958101,0.012325807784958101,100,0.5384203863262925,0.11252908241874661,0.011252908241874662,100,0.9077143007474124,0.08535747912089461,0.008535747912089461,100,0.17486815616488458,0.03133871080796885,0.003133871080796885,23590.41015625
14,0.6434429183006286,0.6156586396694184,1332.5279648303986,123.59126366302371,1456.1192284934223,100,0.8249359907158638,0.09497710384962432,0.009497710384962433,100,0.40720361241582465,0.16470294606617403,0.016470294606617402,100,0.7968093035039178,0.13723651353951002,0.013723651353951002,100,0.5044258430084347,0.11653625500510913,0.011653625500510913,100,0.9103781781959297,0.08389330902492664,0.008389330902492664,100,0.17028169006109237,0.03309359834451779,0.003309359834451779,23590.41015625
15,0.6273728467226029,0.6030922043323517,1347.5377395227551,132.45247089397162,1479.9902104167268,100,0.8289879162966248,0.08657544544484697,0.008657544544484697,100,0.39812457103515625,0.15115487351562534,0.015115487351562535,100,0.7982330638770513,0.12135939657737892,0.012135939657737892,100,0.5030439285838907,0.12033866159475096,0.012033866159475095,100,0.913097232849002,0.07569545157298282,0.0075695451572982825,100,0.16796932145953178,0.029443385676275885,0.0029443385676275885,23590.41015625
16,0.6025835928320885,0.591896402835846,1311.4608296602964,126.29244866222143,1437.7532783225179,100,0.8389296912574351,0.07580157217551968,0.007580157217551968,100,0.39195725811963256,0.14807144045266718,0.014807144045266719,100,0.8276975182656785,0.11770635547982614,0.011770635547982614,100,0.5067449320400514,0.12007916558583792,0.012007916558583792,100,0.9216436356347226,0.061502546425962305,0.0061502546425962305,100,0.17622226148843764,0.03778890354238159,0.003778890354238159,23590.41015625
17,0.5847663013339043,0.5689164400100708,1317.5843777917325,127.42281350959092,1445.0071913013235,100,0.8342728588395681,0.09014084103505741,0.00901408410350574,100,0.3932664938189751,0.15026005667722842,0.01502600566772284,100,0.8082668437495789,0.12719435818922845,0.012719435818922844,100,0.5017770635432547,0.1135663781961077,0.01135663781961077,100,0.9159884147137027,0.07737908922745655,0.007737908922745655,100,0.16610545016825198,0.03112355971270568,0.003112355971270568,23590.421875
18,0.5667809525132179,0.5760121178627015,1326.2580716898665,124.66961983777583,1450.9276915276423,100,0.8240144488359351,0.08882201756344724,0.008882201756344724,100,0.41803999090104815,0.16762452668982547,0.016762452668982547,100,0.7965125980900589,0.13128969104032434,0.013128969104032434,100,0.5156668551994182,0.1276424212754403,0.01276424212754403,100,0.9044645110906286,0.08041431911700563,0.008041431911700562,100,0.17056221008300781,0.03080307348200834,0.003080307348200834,23590.421875
19,0.5522466261982918,0.5491249787807465,1323.3942383527756,125.26156349014491,1448.6558018429205,100,0.8343717064360248,0.06783436500742435,0.006783436500742435,100,0.43442839979181885,0.1429549159231698,0.01429549159231698,100,0.7924235136072728,0.12083189652481094,0.012083189652481095,100,0.5360582405401465,0.09919012824376452,0.009919012824376452,100,0.9245047268451068,0.05549220377976221,0.005549220377976221,100,0.16565595746040343,0.03309198697795294,0.003309198697795294,23590.435546875
20,0.5342010127305985,0.5406552654504776,1348.4314883835614,132.0575474658981,1480.4890358494595,100,0.8167512965566652,0.08433825512321318,0.008433825512321318,100,0.4143742878439871,0.15751337516759673,0.015751337516759674,100,0.7811390927133144,0.1362381688539915,0.01362381688539915,100,0.5108190514421816,0.11668918449461854,0.011668918449461853,100,0.9056794178475824,0.07337718283932677,0.007337718283932678,100,0.16764581017196178,0.03782450173526598,0.0037824501735265977,23590.435546875
21,0.52557730448246,0.5271136516332626,1312.087961224839,122.1527110291645,1434.2406722540036,100,0.822680521631489,0.096960488353804,0.009696048835380399,100,0.4054090184148229,0.15361664150579862,0.015361664150579862,100,0.794616101050312,0.1397451168074122,0.013974511680741219,100,0.5053140899848851,0.11120998058313872,0.011120998058313871,100,0.9042311253021978,0.08421028663702244,0.008421028663702245,100,0.16868506073951722,0.027843795216556375,0.0027843795216556375,23590.435546875
22,0.5040562520623207,0.4977481698989868,1336.9156585028395,137.4747729310766,1474.390431433916,100,0.837841395710644,0.08437238738346647,0.008437238738346647,100,0.40170196993373186,0.14680300800908136,0.014680300800908135,100,0.8057762393729475,0.12131042289529534,0.012131042289529534,100,0.5132535917134233,0.11126375216990676,0.011126375216990676,100,0.9178732905568817,0.07425695817210688,0.007425695817210688,100,0.16595357872545718,0.036205465472298776,0.0036205465472298774,23590.44921875
23,0.49624762576818465,0.48771547198295595,1353.640526579693,125.53088504076004,1479.171411620453,100,0.8353021513345027,0.08149659489213738,0.008149659489213739,100,0.42759556330896215,0.13756551029789102,0.013756551029789102,100,0.8051005132476476,0.12279720906699187,0.012279720906699187,100,0.5334216906793254,0.09729026624467249,0.009729026624467249,100,0.9187882124996294,0.07018749915891091,0.007018749915891092,100,0.17039024420082569,0.035298112210569305,0.0035298112210569305,23590.47265625
24,0.48482937008142474,0.4814328807592392,1371.481651013717,126.5236569903791,1498.0053080040962,100,0.821505093492029,0.09194341586300438,0.009194341586300437,100,0.42800401926381,0.1687564228679235,0.01687564228679235,100,0.793610915497198,0.13430455262445926,0.013430455262445925,100,0.5272135078419863,0.125698064851214,0.012569806485121399,100,0.9058435865685068,0.0856404926877071,0.00856404926877071,100,0.16922761484980584,0.03567960185843843,0.003567960185843843,23590.47265625
25,0.4690330169200897,0.46915779531002044,1338.7989973016083,124.37259739357978,1463.171594695188,100,0.814706005463276,0.09806070982119627,0.009806070982119627,100,0.4203354233001223,0.15435081964230327,0.015435081964230327,100,0.7947136145013276,0.12365503275049265,0.012365503275049265,100,0.5240728656453046,0.12146530128881863,0.012146530128881863,100,0.8989252257112114,0.09558486531970262,0.009558486531970261,100,0.17156939648091793,0.03305715317130479,0.003305715317130479,23590.47265625
26,0.4617915726900101,0.4606195545196533,1361.660170367919,121.27053538244218,1482.930705750361,100,0.8327922554656283,0.0810083246378549,0.00810083246378549,100,0.4279097275756326,0.15619888427264908,0.015619888427264908,100,0.7964177396358043,0.13241933963625419,0.013241933963625418,100,0.5274454136271406,0.12048038570160964,0.012048038570160964,100,0.9188520501739188,0.06576122955580553,0.006576122955580553,100,0.16654360704123974,0.031275580249677234,0.0031275580249677235,23590.484375
27,0.4545578414797783,0.4371816349029541,1339.6660885987803,141.76807178463787,1481.4341603834182,100,0.833250144270092,0.08196771563243654,0.008196771563243655,100,0.38551409257309055,0.1281139855235178,0.01281139855235178,100,0.8037178964416641,0.11957743275672142,0.011957743275672141,100,0.4996726379149615,0.10759115550231127,0.010759115550231128,100,0.9168654789745051,0.07261213716978632,0.007261213716978632,100,0.1627864972501993,0.029369336052255435,0.0029369336052255434,23590.49609375
28,0.44417114436626437,0.43002332270145416,1338.3902314584702,127.56775054335594,1465.9579820018262,100,0.8268513231901244,0.09572052850134032,0.009572052850134032,100,0.41795689579170237,0.1657842699680381,0.01657842699680381,100,0.8054142724283219,0.12710435783048804,0.012710435783048804,100,0.5197614095278886,0.11983249017443802,0.011983249017443801,100,0.9083388707212184,0.0853151180956045,0.00853151180956045,100,0.16653831161558627,0.034247809892301605,0.0034247809892301606,23590.49609375
29,0.4314920427203178,0.43431317567825317,1362.5278028417379,119.20104539301246,1481.7288482347503,100,0.8266602085177484,0.08568425759973565,0.008568425759973564,100,0.4136941821491253,0.15991703540579486,0.015991703540579487,100,0.8292620378330814,0.11589667800796685,0.011589667800796686,100,0.5228485124382697,0.12395848902383357,0.012395848902383357,100,0.9139061296932022,0.0706689001650561,0.00706689001650561,100,0.1794272980093956,0.040826608996466125,0.0040826608996466125,23590.49609375
30,0.4253935627937317,0.41662962138652804,1342.636394361034,127.42358369100839,1470.0599780520424,100,0.8501867629350294,0.07775139926797092,0.0077751399267970926,100,0.39190010892005867,0.14529826871154686,0.014529826871154686,100,0.8347856275342797,0.1184350237151801,0.01184350237151801,100,0.5087018407382146,0.11305205017564249,0.011305205017564249,100,0.9280807470823986,0.06462492748513866,0.006462492748513867,100,0.163616853505373,0.03494247727946883,0.003494247727946883,23590.49609375
31,0.41520300042629243,0.4045311486721039,1326.5356418890879,125.88650555163622,1452.422147440724,100,0.8385089310941214,0.0739586279081775,0.00739586279081775,100,0.39880258735792173,0.15081336943674492,0.015081336943674492,100,0.8253628919756,0.10528644191455487,0.010528644191455487,100,0.5132943558083606,0.12445438934888069,0.01244543893488807,100,0.9197168422359523,0.06477053578403383,0.0064770535784033825,100,0.16420652866363525,0.03220648424492524,0.003220648424492524,23590.49609375
32,0.40634589284658434,0.3903143918514252,1310.9419926544651,125.86816942784935,1436.8101620823145,100,0.8465317627895643,0.08288187319925733,0.008288187319925732,100,0.3991995838676759,0.1508265540740242,0.015082655407402421,100,0.8301902288704032,0.11655653591425826,0.011655653591425825,100,0.5114726900290021,0.11246109671987717,0.011246109671987716,100,0.9268603777337262,0.06857048067771364,0.006857048067771364,100,0.16824209898710252,0.034967617010250536,0.0034967617010250537,23590.49609375
33,0.3944475325345993,0.3905973756313324,1328.8032662132755,121.38017915561795,1450.1834453688934,100,0.8347671427743231,0.09129957720259602,0.009129957720259601,100,0.40349397748671156,0.15550393891134012,0.015550393891134013,100,0.8234739814485995,0.10505919091029324,0.010505919091029324,100,0.5171931207862936,0.12566908253865847,0.012566908253865847,100,0.9136385560377938,0.08322152117351188,0.008322152117351187,100,0.16548022285103797,0.034624714688776675,0.0034624714688776675,23590.49609375
34,0.39317210990190504,0.3853445863723755,1350.6161145139486,128.63291907217354,1479.249033586122,100,0.8438267595382566,0.08506874316582595,0.008506874316582595,100,0.40350640781944486,0.13463051286494054,0.013463051286494054,100,0.8188710648910145,0.1193716892947366,0.01193716892947366,100,0.5187932789427611,0.1029763547683273,0.010297635476832729,100,0.9222319284269771,0.07568222442029053,0.0075682224420290534,100,0.16578318625688554,0.03315804778197996,0.0033158047781979964,23590.521484375
35,0.3836346049308777,0.38029161155223845,1317.7833209522069,130.04393750615418,1447.827258458361,100,0.8257156661115606,0.08131642820984027,0.008131642820984027,100,0.421789716915781,0.16719860079465118,0.016719860079465118,100,0.7903629187588777,0.12928873249454081,0.012928873249454081,100,0.5203327871396122,0.12522930177932717,0.012522930177932717,100,0.9117658576465155,0.07495350232761337,0.0074953502327613376,100,0.16127553030848504,0.03130004455570133,0.0031300044555701333,23590.521484375
36,0.38045124769210814,0.3703892469406128,1307.4722134247422,125.23665823042393,1432.7088716551661,100,0.8494760729378692,0.07136181283243148,0.007136181283243148,100,0.3926011279251674,0.14784014340955204,0.014784014340955203,100,0.8378826382329991,0.10626336620222938,0.010626336620222939,100,0.5088986301584855,0.11801897603044514,0.011801897603044514,100,0.930911558477068,0.055954938764081925,0.0055954938764081925,100,0.17041420884430408,0.037297982269545296,0.0037297982269545297,23590.521484375
37,0.37354240244627,0.37035527706146243,1331.50045567099,124.43333546072245,1455.9337911317125,100,0.8334179191528698,0.0847095291660586,0.008470952916605861,100,0.4256154611403336,0.1702198520256161,0.01702198520256161,100,0.7938650636045446,0.13045029217305878,0.013045029217305878,100,0.523948511063311,0.12600534935014135,0.012600534935014136,100,0.9154863626355474,0.07925247995934434,0.007925247995934434,100,0.16735750690102577,0.03402079638892872,0.0034020796388928723,23590.521484375
38,0.3673822146654129,0.3568308824300766,1320.6462650354952,120.31225538533181,1440.958520420827,100,0.8472622120677967,0.078461898851224,0.007846189885122399,100,0.38987444111170966,0.13347744503626285,0.013347744503626285,100,0.829722621418366,0.11214690254780185,0.011214690254780186,100,0.5076360922045292,0.10463124188934843,0.010463124188934842,100,0.9265770870699909,0.06852040208905182,0.0068520402089051816,100,0.16609246857464313,0.03304900465199748,0.0033049004651997476,23590.521484375
39,0.35741336798667905,0.35737373292446134,1302.0946285361424,120.52600059844553,1422.620629134588,100,0.8369570414412404,0.07923295852135158,0.007923295852135158,100,0.42048824202303847,0.15051340965306606,0.015051340965306605,100,0.8043413518010851,0.12000778118776743,0.012000778118776744,100,0.5277823049071354,0.11733031048374726,0.011733031048374726,100,0.9230024625841018,0.06951478765154698,0.006951478765154698,100,0.16476733095943927,0.03286410381157993,0.0032864103811579928,23590.521484375
40,0.3536990206837654,0.3444657611846924,1304.4689062619582,129.43674288131297,1433.9056491432711,100,0.8412205599122382,0.0833467986774205,0.00833467986774205,100,0.39509866239635477,0.15903289695774322,0.01590328969577432,100,0.8206344928404178,0.13057444405106566,0.013057444405106566,100,0.5021341734786169,0.10500047669894724,0.010500047669894725,100,0.9196862742415439,0.07530818159564577,0.007530818159564577,100,0.164733647108078,0.03817087029205409,0.003817087029205409,23590.521484375
41,0.34937382888793944,0.3415424716472626,1326.6112496014684,117.6157307093963,1444.2269803108647,100,0.8319776048349352,0.08987467860057449,0.00898746786005745,100,0.41961180362328904,0.17000800406775807,0.017000800406775807,100,0.8251762356450122,0.10651089701658545,0.010651089701658545,100,0.5298141779394051,0.13192662887196152,0.013192662887196152,100,0.9127366758505668,0.07804266686377145,0.007804266686377145,100,0.16503315947949887,0.03240293921929057,0.003240293921929057,23590.521484375
42,0.3460372309088707,0.34582641422748567,1318.9091668864712,126.75573029462248,1445.6648971810937,100,0.8330689569700107,0.08832233774564086,0.008832233774564085,100,0.41730105032783493,0.16346190587971282,0.016346190587971283,100,0.805863910956386,0.12549013592223066,0.012549013592223065,100,0.5203236252278199,0.1129642522949876,0.01129642522949876,100,0.9138532811922881,0.08213613323809538,0.008213613323809538,100,0.16576320685446264,0.030930054114618504,0.0030930054114618505,23590.521484375
43,0.33988824075460433,0.34451064467430115,1313.6260338025168,124.85240435879678,1438.4784381613135,100,0.8322582070028601,0.07860373170520696,0.007860373170520695,100,0.41072454113908585,0.17445288244279916,0.017445288244279916,100,0.8066830735835055,0.12740020840849728,0.012740020840849728,100,0.5095025209313052,0.12089284478316412,0.012089284478316411,100,0.9136339962961497,0.07418816125016452,0.007418816125016452,100,0.16924019522964953,0.035855037950741984,0.0035855037950741986,23590.521484375
44,0.333258564889431,0.32789331197738647,1316.4338232418522,121.2911561941728,1437.724979436025,100,0.8253860828093258,0.0800569181610415,0.00800569181610415,100,0.4298562863927808,0.1659148785679743,0.01659148785679743,100,0.807114671761481,0.11571378991603543,0.011571378991603543,100,0.5342296827846722,0.13191933447603707,0.013191933447603707,100,0.9128044993098778,0.07030710287741476,0.007030710287741476,100,0.1685148661583662,0.03594144458635239,0.0035941444586352392,23590.521484375
45,0.3305917236804962,0.32623045682907104,1295.8196741277352,114.37906942609698,1410.1987435538322,100,0.8334489718012322,0.08895881291601301,0.008895881291601302,100,0.40720739909944537,0.13739483875958575,0.013739483875958575,100,0.8172978921957107,0.10980524284337276,0.010980524284337276,100,0.5200242254339568,0.1050977341875412,0.01050977341875412,100,0.9135191370299891,0.08040688644486324,0.008040688644486324,100,0.16306887626647948,0.03070121275927168,0.0030701212759271677,23590.521484375
46,0.3274478289484978,0.315448722243309,1271.1850650422275,118.20811161957681,1389.3931766618043,100,0.8404574354623803,0.09090568226586195,0.009090568226586195,100,0.3972661620635207,0.1296691847641656,0.012966918476416562,100,0.8403066238014674,0.12412136704690344,0.012412136704690343,100,0.5170827497302232,0.0919753898866612,0.00919753898866612,100,0.9159987054136127,0.08285251144845988,0.008285251144845988,100,0.16833657622337342,0.03414040314100328,0.003414040314100328,23590.521484375
47,0.31720877361297606,0.3138711100816727,1294.2793204681948,122.65424604248255,1416.9335665106773,100,0.8317398770906693,0.07952517193012086,0.007952517193012086,100,0.41990968248166316,0.15601809071590356,0.015601809071590356,100,0.7811648547045522,0.13129050865751105,0.013129050865751104,100,0.521157370923778,0.11735320532349096,0.011735320532349096,100,0.9152445160938134,0.07369784230584034,0.0073697842305840335,100,0.16418655037879945,0.03487760796272405,0.003487760796272405,23590.521484375
48,0.3143291547894478,0.3153912836313248,1295.6057594213635,118.15387440938503,1413.7596338307485,100,0.8313305118816726,0.07710231571083605,0.007710231571083605,100,0.4363283127965057,0.15152670830984202,0.015152670830984202,100,0.8156773866035679,0.11272093230960506,0.011272093230960506,100,0.5462788136319525,0.12272880468150976,0.012272880468150976,100,0.9182753508760356,0.0646483415993257,0.00646483415993257,100,0.16755073957145214,0.035653851297009306,0.0035653851297009305,23590.521484375
49,0.31287852430343627,0.2999411529302597,1284.3677117889747,117.21167967654765,1401.5793914655223,100,0.842004210741903,0.08379569418611908,0.008379569418611909,100,0.41301569103485136,0.1355491406621327,0.013554914066213269,100,0.8203700999951377,0.11433905717863893,0.011433905717863893,100,0.5279186973670204,0.10708652444227881,0.010708652444227881,100,0.9218275896481871,0.07637631548191548,0.007637631548191548,100,0.16460713341832162,0.02999379201534057,0.002999379201534057,23590.521484375
50,0.30515804040431976,0.30526636898517606,1275.3063402995467,121.53176841512322,1396.83810871467,100,0.836835788564157,0.07802588818730634,0.007802588818730634,100,0.4354790249567366,0.1830054569714669,0.01830054569714669,100,0.7969958372053674,0.14399470874473133,0.014399470874473134,100,0.5223497871262758,0.11189297344900254,0.011189297344900253,100,0.9211524186699811,0.06841629760321644,0.006841629760321643,100,0.16981514982879162,0.03881914397474457,0.003881914397474457,23590.521484375
51,0.30256885570287706,0.298464452624321,1306.2185575403273,121.09061558358371,1427.309173123911,100,0.8357600657831965,0.07961851232707617,0.007961851232707618,100,0.4028467495741493,0.15133030986679247,0.015133030986679247,100,0.8196400392714872,0.11698116204110609,0.011698116204110608,100,0.5153463760950947,0.12306394711943555,0.012306394711943554,100,0.9170857596692416,0.06716684439840415,0.006716684439840415,100,0.169216098934412,0.03778490050379032,0.003778490050379032,23590.521484375
52,0.3012681666612625,0.2996008399128914,1287.079411377199,112.40571077726781,1399.4851221544668,100,0.8285163338556194,0.09198573675574873,0.009198573675574872,100,0.4001855051033986,0.15345792950396386,0.015345792950396387,100,0.8199954320523194,0.1222965088196973,0.01222965088196973,100,0.5114271486844755,0.10996479840813672,0.010996479840813672,100,0.9056465190126791,0.08739357112416658,0.008739357112416659,100,0.171452594101429,0.037325078071096675,0.0037325078071096677,23590.521484375
53,0.2963138712048531,0.2934752434492111,1354.2034781919792,123.45879117306322,1477.6622693650424,100,0.8350349150912316,0.07710794648092775,0.007710794648092776,100,0.43644293126100253,0.1735013303080475,0.01735013303080475,100,0.8084103400484222,0.12892670943255086,0.012892670943255085,100,0.5399438033332105,0.1332253595417118,0.01332253595417118,100,0.9158323517557189,0.06870361977069704,0.006870361977069704,100,0.16189277447760106,0.03394334310978393,0.0033943343109783934,23590.521484375
54,0.28811542692780495,0.2904281851649284,1323.2328738784418,124.67551376484334,1447.908387643285,100,0.8301085765765778,0.08868206080785472,0.008868206080785472,100,0.4127675274704845,0.15969277126327658,0.015969277126327657,100,0.7967782424031487,0.1377518538259417,0.01377518538259417,100,0.5127195013690384,0.10735146186915061,0.01073514618691506,100,0.9128391763480052,0.07599035224321725,0.007599035224321725,100,0.1603643198311329,0.031699653686020415,0.0031699653686020415,23590.521484375
55,0.287577808201313,0.2888820871710777,1310.8717945329845,126.26594367902726,1437.1377382120118,100,0.8321704868593917,0.09147390804524122,0.009147390804524123,100,0.3889498642904078,0.14123705780806853,0.014123705780806853,100,0.8148618252039121,0.13108407611169595,0.013108407611169595,100,0.5013483559414965,0.11569561417771838,0.011569561417771839,100,0.9135085326657705,0.08148407187147069,0.008148407187147069,100,0.1634492041170597,0.035724530969928746,0.0035724530969928744,23590.521484375
56,0.2842648693919182,0.29164239585399626,1306.9440483562648,120.8786107674241,1427.822659123689,100,0.8389124537608776,0.08718795283214716,0.008718795283214715,100,0.3988071856203714,0.16002600599716874,0.016002600599716872,100,0.825827022273408,0.11936133827175423,0.011936133827175423,100,0.5074604952960339,0.11436310040352556,0.011436310040352556,100,0.9174225758565914,0.07963497723081442,0.007963497723081442,100,0.16277725629508497,0.03321855873639233,0.0033218558736392333,23590.521484375
57,0.2811184190809727,0.2789074110984802,1269.369544471614,116.64740744791925,1386.0169519195333,100,0.8393571753768652,0.08109036806439193,0.008109036806439193,100,0.413474873408044,0.14977760974265888,0.014977760974265888,100,0.8187511272059846,0.11501546173039344,0.011501546173039345,100,0.5241974359872802,0.10993477355654718,0.010993477355654719,100,0.919820713521347,0.06820443232185515,0.0068204432321855146,100,0.17243056163191794,0.038986235309168844,0.0038986235309168846,23590.521484375
58,0.2766447893679142,0.28287808209657667,1280.9684018921107,114.77850742638111,1395.7469093184918,100,0.8317999223700712,0.08370205270347085,0.008370205270347085,100,0.4417163527993977,0.1469840758304987,0.014698407583049869,100,0.7944858032038425,0.1260152001102046,0.012601520011020459,100,0.5420735228313495,0.1069625279711829,0.01069625279711829,100,0.9176804676458811,0.07370504838189029,0.007370504838189029,100,0.16116996482014656,0.033470774332552355,0.0033470774332552355,23590.521484375
59,0.2722382045984268,0.27416085958480835,1283.4664461323991,121.89963913615793,1405.366085268557,100,0.8246901607664624,0.08362918564049972,0.008362918564049972,100,0.45062629182419867,0.156064567724263,0.0156064567724263,100,0.7847198372104058,0.136663236234735,0.0136663236234735,100,0.5456209128396268,0.1058315191730138,0.01058315191730138,100,0.9103946935670096,0.07571522348056517,0.007571522348056517,100,0.1661741155385971,0.03501622019598287,0.0035016220195982868,23590.521484375
60,0.2731753367781639,0.2789309757947922,1270.2849516179413,125.14082394819707,1395.4257755661383,100,0.8267004939192694,0.08293004542776491,0.008293004542776492,100,0.41215878926656513,0.16403864317768607,0.016403864317768607,100,0.7937628232194781,0.13344044674483385,0.013344044674483385,100,0.5102723956221249,0.12038627763858059,0.01203862776385806,100,0.9128124865016198,0.07223296790481502,0.007223296790481502,100,0.1611421201378107,0.03466663990267054,0.003466663990267054,23590.521484375
61,0.2697911318838596,0.26929385840892794,1236.8522190321237,116.56352745741606,1353.4157464895397,100,0.8269012201241344,0.09090919803736583,0.009090919803736584,100,0.41020301923912195,0.16305674564212877,0.016305674564212877,100,0.8032005851236579,0.11482378105782079,0.011482378105782079,100,0.515827759702765,0.12244938571713525,0.012244938571713524,100,0.9095835550514266,0.08034490602954979,0.00803449060295498,100,0.16950940519571303,0.032309534174834814,0.0032309534174834813,23590.521484375
62,0.26472021916508676,0.2491679409146309,1280.1406708862633,122.06328684464097,1402.2039577309042,100,0.8531866046442016,0.07788178377071543,0.007788178377071543,100,0.3798803551540945,0.1403752587823684,0.01403752587823684,100,0.8282411801445785,0.10788697262046577,0.010788697262046577,100,0.49967326907652604,0.11740625679057405,0.011740625679057405,100,0.9310474352969158,0.06762388248703038,0.0067623882487030385,100,0.16077778466045856,0.03498750838374112,0.0034987508383741124,23590.521484375
63,0.2594567649066448,0.2560595414042473,1270.2938322722912,117.6440342925489,1387.93786656484,100,0.8405372616901584,0.07324935359853506,0.007324935359853506,100,0.41389066609871855,0.1510790204390023,0.015107902043900228,100,0.8059773001915264,0.12332623182752643,0.012332623182752644,100,0.5191745782514486,0.10433845084212576,0.010433845084212575,100,0.9251825086577492,0.057119935192719726,0.005711993519271973,100,0.1661557338386774,0.03232670834878848,0.003232670834878848,23590.521484375
64,0.2610691100358963,0.25267424672842026,1252.5353132747114,119.70043380465358,1372.235747079365,100,0.8194770949422916,0.09863206859861848,0.009863206859861848,100,0.4090605206961063,0.1433721972101558,0.014337219721015579,100,0.8151186154612877,0.12027850703001466,0.012027850703001466,100,0.5200786076808978,0.11233333578111279,0.01123333357811128,100,0.9022791284549453,0.09273524520115338,0.009273524520115338,100,0.16633915849030018,0.03195709534121401,0.0031957095341214013,23590.521484375
65,0.2599593281149864,0.2600314104557037,1279.5884652333334,120.05792789068073,1399.6463931240141,100,0.8247230238818736,0.0827714787391748,0.00827714787391748,100,0.43054128085392,0.1722420691780413,0.01722420691780413,100,0.8045215743827224,0.13428032880865476,0.013428032880865476,100,0.526716461547738,0.12505126888420548,0.012505126888420547,100,0.911048055230902,0.07851047974375962,0.007851047974375962,100,0.16765379339456557,0.03777403489867359,0.0037774034898673593,23590.521484375
66,0.25466154685616493,0.25326059192419054,1276.2725012153387,113.98431261908263,1390.2568138344213,100,0.8425619965165032,0.0849405260259102,0.00849405260259102,100,0.4043666352517539,0.13349907616254192,0.013349907616254191,100,0.8210551558887986,0.12924475619389875,0.012924475619389874,100,0.5187951953770962,0.1057064068175138,0.01057064068175138,100,0.9242365350563755,0.0699889421693276,0.00699889421693276,100,0.16899044781923295,0.033343651712773675,0.0033343651712773674,23590.521484375
67,0.2522582664787769,0.24421389788389206,1297.745216093026,122.4760309793055,1420.2212470723316,100,0.8399687865320249,0.09580228787197581,0.009580228787197581,100,0.37558379804210484,0.13357665978282388,0.013357665978282387,100,0.8324747989217184,0.12647868709518426,0.012647868709518426,100,0.494849157141475,0.10519152605870939,0.010519152605870939,100,0.9180951499263296,0.08101758662258442,0.008101758662258441,100,0.16486557602882385,0.032395456903910026,0.0032395456903910025,23590.521484375
68,0.25411896276474,0.2444330161809921,1282.5719796018675,120.40094104409218,1402.9729206459597,100,0.8192868250583412,0.10182575651128084,0.010182575651128085,100,0.40174466567621697,0.15629292732902456,0.015629292732902457,100,0.8208305957087474,0.1321743029571558,0.01321743029571558,100,0.5116813712143502,0.12313362964819917,0.012313362964819916,100,0.9036072283895801,0.0882769739726779,0.00882769739726779,100,0.16850143536925316,0.03806017698397387,0.003806017698397387,23590.521484375
69,0.2472783843576908,0.24694169491529464,1303.2507353499532,122.53789872676134,1425.7886340767145,100,0.8265193372454388,0.08537870394063457,0.008537870394063457,100,0.4212622874036079,0.16441359251976054,0.016441359251976054,100,0.7939322902652551,0.13155272093605563,0.013155272093605563,100,0.5195941830279286,0.11581742802300739,0.011581742802300739,100,0.9104293426109757,0.07484533358464193,0.007484533358464193,100,0.16657802648842335,0.03019520969520538,0.003019520969520538,23590.521484375
70,0.24772263398766517,0.23909687489271164,1266.4084040848538,115.20859111472964,1381.6169951995835,100,0.8283418880985114,0.09413022862288106,0.009413022862288106,100,0.42448464073066666,0.17810811958971406,0.017810811958971405,100,0.835858962764118,0.11348468501906851,0.011348468501906852,100,0.5353748581717546,0.13849327013774312,0.013849327013774313,100,0.9060032812709958,0.08654012719374367,0.008654012719374366,100,0.16852961957454682,0.03607720836986784,0.0036077208369867837,23590.521484375
71,0.24214614230394363,0.23607859909534454,1280.529429320246,112.86418846808374,1393.3936177883297,100,0.8385322273501523,0.08099641890516411,0.008099641890516412,100,0.454694049168354,0.1547354172294766,0.015473541722947659,100,0.8042641835897066,0.12067306384776508,0.012067306384776507,100,0.5539714436253041,0.10734547613736459,0.010734547613736458,100,0.9225337353176823,0.07006197968012154,0.0070061979680121535,100,0.16832537204027176,0.03473043244207567,0.0034730432442075672,23590.521484375
72,0.2413282179236412,0.24639572858810424,1282.699942631647,118.61571842618287,1401.3156610578299,100,0.8114247808594226,0.08964113969649501,0.0089641139696495,100,0.41014091328164937,0.16259155953878596,0.016259155953878595,100,0.8144773652030863,0.11700451640382091,0.011700451640382092,100,0.5175996980068717,0.13380697117474855,0.013380697117474855,100,0.9002294782433231,0.07699169421777242,0.007699169421777242,100,0.17036452427506446,0.03514696223328918,0.003514696223328918,23590.521484375
73,0.23746044877171515,0.2364315164089203,1251.3483042884618,124.16643846873194,1375.5147427571937,100,0.8406668912297296,0.08169648162190893,0.008169648162190893,100,0.415019420526813,0.1401983244162941,0.01401983244162941,100,0.7923151590019982,0.12935310293355065,0.012935310293355064,100,0.5208305237803618,0.10087216921237638,0.010087216921237638,100,0.9230760576524502,0.07702804480864203,0.007702804480864203,100,0.16263877257704734,0.03414389799931088,0.003414389799931088,23590.521484375
74,0.23530357059836388,0.24080517053604125,1284.2601380171254,121.42884714063257,1405.688985157758,100,0.8310550021566583,0.08322943634175735,0.008322943634175736,100,0.42371557526872644,0.15082196968165337,0.015082196968165337,100,0.7857951219492406,0.1346882228020997,0.013468822280209968,100,0.5242570436916871,0.11633717039980547,0.011633717039980547,100,0.9177777430534946,0.07621980934910527,0.007621980934910527,100,0.16523314081132412,0.03354722541925374,0.0033547225419253745,23590.521484375
75,0.23346930608153343,0.23078028827905656,1267.7296305010095,122.8024906590581,1390.5321211600676,100,0.8377376839159558,0.08243303230050236,0.008243303230050236,100,0.4183823901209597,0.14978573101679798,0.014978573101679798,100,0.8116649037570083,0.12118683629226851,0.012118683629226851,100,0.5283827203490855,0.1199425596282825,0.01199425596282825,100,0.9185850156567618,0.0763563737383082,0.007635637373830819,100,0.1622696553170681,0.0363399151196316,0.00363399151196316,23590.521484375
76,0.23222018706798553,0.2235903838276863,1283.5458517679945,120.95237741060555,1404.4982291786,100,0.8472860549015792,0.07261395681133749,0.007261395681133749,100,0.4409589513665033,0.14338306928330935,0.014338306928330935,100,0.7939953687891865,0.12620804444299571,0.012620804444299572,100,0.5430597550433296,0.09941595968763431,0.009941595968763432,100,0.9314930544904049,0.059395075392993484,0.005939507539299348,100,0.15958562463521958,0.030533317770707634,0.0030533317770707635,23590.521484375
77,0.23044989064335822,0.23021999657154082,1292.338394912891,125.08275766856968,1417.4211525814608,100,0.8338366225612862,0.08926315121615032,0.008926315121615031,100,0.4154197630815796,0.15094009452677215,0.015094009452677215,100,0.8107242904079399,0.12342691960842612,0.012342691960842613,100,0.5235211626222721,0.11276464619416512,0.011276464619416513,100,0.9122813781716017,0.08470700580378986,0.008470700580378986,100,0.16293748512864112,0.02987174877238723,0.002987174877238723,23590.521484375
78,0.23041744989156723,0.22913416028022765,1310.0218022493646,125.31824712641537,1435.34004937578,100,0.8225976673812708,0.09271688534422513,0.009271688534422513,100,0.3781185049662269,0.15235975640163216,0.015235975640163216,100,0.8270998133315328,0.10722566949326973,0.010722566949326972,100,0.49642229976799096,0.12842154758847588,0.012842154758847587,100,0.9055186161380262,0.08512560730532864,0.008512560730532864,100,0.16569418281316758,0.034116634531368276,0.0034116634531368276,23590.521484375
79,0.2259193554520607,0.22867648929357529,1297.8594984095544,120.83609900716692,1418.6955974167213,100,0.8302381013408757,0.07832363577237812,0.007832363577237812,100,0.4419191451305327,0.15230370593743572,0.015230370593743572,100,0.7983933228780857,0.1327418678641632,0.01327418678641632,100,0.5416576262967422,0.11006533416373657,0.011006533416373657,100,0.9159035535202078,0.06723276796836902,0.006723276796836902,100,0.17138806968927384,0.03993546496691575,0.003993546496691576,23590.521484375
80,0.22302168479561807,0.22652994453907013,1323.7874741284177,120.60986771807075,1444.3973418464884,100,0.8280981745274069,0.0953699027915393,0.00953699027915393,100,0.40894460550707884,0.1614221194809963,0.01614221194809963,100,0.7963160858491568,0.14024296689091084,0.014024296689091085,100,0.5080055059123252,0.11948075484276614,0.011948075484276614,100,0.9098556420833341,0.08667612282138915,0.008667612282138915,100,0.16377704665064813,0.031224992916011447,0.0031224992916011446,23590.521484375
81,0.22173028981685639,0.22367623418569565,1288.7133487993851,129.53207377530634,1418.2454225746915,100,0.8318342766333423,0.08693971929522318,0.008693971929522318,100,0.4024828834318852,0.15513980695529486,0.015513980695529487,100,0.8004370062111305,0.13061871285975163,0.013061871285975163,100,0.5064066730964975,0.11139567821296911,0.011139567821296912,100,0.9141101823616441,0.07685980879673325,0.007685980879673325,100,0.16526799358427524,0.03645957074817794,0.003645957074817794,23590.521484375
82,0.22479682344198226,0.22467584460973739,1310.7825230695307,120.46775174699724,1431.250274816528,100,0.8347037120722356,0.08790632686674459,0.008790632686674458,100,0.4129236461105928,0.16164587617934126,0.016164587617934125,100,0.8178885938583373,0.11268821954055563,0.011268821954055564,100,0.5209371843314781,0.12678132404902587,0.012678132404902587,100,0.9154873924444976,0.07768829376566755,0.007768829376566755,100,0.15990511514246464,0.029538574100625322,0.0029538574100625324,23590.521484375
83,0.2190887767970562,0.21844424784183503,1308.6246996158734,124.99505955260247,1433.6197591684759,100,0.8379801683264501,0.08707103901814539,0.008707103901814539,100,0.4381558877548855,0.14899349073427298,0.014899349073427298,100,0.7888860292377601,0.13533116747775994,0.013533116747775995,100,0.5356828887615727,0.10370268917311787,0.010370268917311787,100,0.9226266420401431,0.0770173036936794,0.00770173036936794,100,0.1571441427618265,0.028521386798728916,0.0028521386798728916,23590.521484375
84,0.21787568402290344,0.2159591743350029,1300.3684852588922,121.31492068525404,1421.6834059441462,100,0.8341262123532494,0.08542487248522375,0.008542487248522374,100,0.42495890740673,0.17363451932418272,0.017363451932418273,100,0.8178567195068314,0.1173863087396362,0.01173863087396362,100,0.5301491814100336,0.13082175394101286,0.013082175394101286,100,0.9153909786432337,0.07632589676341703,0.007632589676341703,100,0.16178531229496002,0.03162636753044601,0.003162636753044601,23590.521484375
85,0.21439935711026192,0.20941513180732726,1703.763349397108,124.13408460095525,1827.8974339980632,100,0.8370663871619795,0.09021319597974273,0.009021319597974272,100,0.43227528694898865,0.1479541662001435,0.014795416620014351,100,0.8168796003211807,0.10924656197914125,0.010924656197914124,100,0.5422601111135843,0.10718355397908287,0.010718355397908287,100,0.9192888355483665,0.08047036643752847,0.008047036643752847,100,0.1711728959530592,0.03245030629525485,0.0032450306295254846,23590.521484375
86,0.21430410581827164,0.21475138604640961,1360.0750384032726,127.27849322929978,1487.3535316325724,100,0.8342410459040458,0.08029789904977776,0.008029789904977776,100,0.4112815405475498,0.1557888707504569,0.015578887075045688,100,0.8161907360513354,0.11963980943832145,0.011963980943832145,100,0.5202459203710855,0.12235145406633366,0.012235145406633365,100,0.9177832047927617,0.07380574316528245,0.007380574316528245,100,0.16170566372573375,0.0336970335016001,0.0033697033501600103,23590.521484375
87,0.2146110545694828,0.21141433477401733,1412.1145213237032,135.2432497376576,1547.3577710613608,100,0.8213013514959031,0.09274302208672662,0.009274302208672662,100,0.43617037095439437,0.17660477957779655,0.017660477957779655,100,0.804457190076581,0.1228272503643158,0.01228272503643158,100,0.5317065939982748,0.12574848996710716,0.012574848996710717,100,0.9075741820928149,0.08094428796968317,0.008094428796968317,100,0.16458901219069957,0.031696090903895954,0.0031696090903895954,23590.521484375
88,0.21175890678167344,0.21360431402921676,1654.711587401107,169.97605096455663,1824.6876383656636,100,0.8263305651764025,0.09159381021374763,0.009159381021374762,100,0.42261620202872313,0.15291115965678193,0.015291115965678193,100,0.7897692971271465,0.1422923556440329,0.01422923556440329,100,0.521754454083969,0.106298565292773,0.010629856529277299,100,0.9095247300680614,0.08361625320027342,0.008361625320027342,100,0.16155509367585183,0.03188619364048635,0.003188619364048635,23590.521484375
89,0.21081360071897506,0.21128669619560242,1826.8195829791948,162.07840511389077,1988.8979880930856,100,0.8259079220785671,0.0866568531590913,0.00866568531590913,100,0.42648017765965307,0.18347798410401076,0.018347798410401076,100,0.8110132970957089,0.13091586235653593,0.013091586235653593,100,0.5265977460196116,0.14279866027835608,0.014279866027835608,100,0.9110720780729504,0.07383547001137034,0.007383547001137034,100,0.16817348331212997,0.03571421060074922,0.0035714210600749216,23590.521484375
90,0.2094459576010704,0.2073290777206421,1804.0879368847236,167.64434373099357,1971.7322806157172,100,0.8316113904185828,0.08053010193740467,0.008053010193740467,100,0.43629500476594046,0.15783254483423212,0.01578325448342321,100,0.7891606371804191,0.12154778107326021,0.012154778107326021,100,0.5353199554593733,0.11700872772158996,0.011700872772158996,100,0.920277156157951,0.06978407256080547,0.006978407256080547,100,0.1645379837602377,0.030578516259199814,0.0030578516259199815,23590.521484375
91,0.2079420586824417,0.2008787363767624,1773.255218360573,168.30497659370303,1941.560194954276,100,0.8373371241802391,0.08603184104669243,0.008603184104669242,100,0.39883065837550175,0.14712659363200728,0.014712659363200728,100,0.8206093758949922,0.09969099283209962,0.009969099283209961,100,0.5133433695582654,0.12281121037263987,0.012281121037263986,100,0.9185828467897379,0.07878205532973516,0.007878205532973515,100,0.16039451375603675,0.032994233168235444,0.0032994233168235445,23590.521484375
92,0.20539913094043732,0.20258357912302016,1777.08140261285,173.25019332580268,1950.3315959386528,100,0.8494415819164277,0.07713489688399322,0.007713489688399322,100,0.4102691627201326,0.15232498617896453,0.015232498617896453,100,0.8403869001500947,0.10560918712794995,0.010560918712794996,100,0.5297625593014691,0.12284949074553418,0.012284949074553419,100,0.9282050685252906,0.06253582230734178,0.006253582230734178,100,0.16717170469462872,0.03180965463676283,0.003180965463676283,23590.521484375
93,0.2062207826972008,0.20778774827718735,1791.1629385445267,184.80108461156487,1975.9640231560916,100,0.829970254522975,0.08714412823836838,0.008714412823836839,100,0.40959161506044395,0.16992069372644672,0.01699206937264467,100,0.827310590970996,0.11531315705692226,0.011531315705692225,100,0.5176593429628599,0.13288461438895677,0.013288461438895676,100,0.91526011339759,0.07124491760006456,0.0071244917600064555,100,0.1689263652265072,0.03794161992808545,0.0037941619928085453,23590.521484375
94,0.20293559098243713,0.2025260865688324,1840.8752267286181,169.43764697760344,2010.3128737062216,100,0.8327788162786102,0.085128404163528,0.0085128404163528,100,0.4356810357626509,0.16903499722772883,0.016903499722772882,100,0.7922768379910621,0.12489754041035393,0.012489754041035393,100,0.5311647678024145,0.113306418166332,0.0113306418166332,100,0.9132948277410418,0.07984928908882764,0.007984928908882765,100,0.16697496503591538,0.03291287998733076,0.003291287998733076,23590.521484375
95,0.20344214218854903,0.19304982483386993,1833.965968132019,169.71196615789086,2003.67793428991,100,0.8481777397980301,0.07693079920214117,0.007693079920214117,100,0.42615889794029044,0.13279853918541404,0.013279853918541404,100,0.8188365741008472,0.11889617825551141,0.011889617825551141,100,0.5398081843806873,0.0945835050751865,0.00945835050751865,100,0.9303969227076511,0.06590859720719214,0.006590859720719214,100,0.1671358186006546,0.03638223943561281,0.0036382239435612815,23590.521484375
96,0.2024899737536907,0.19570477545261383,1799.1295708157122,172.42689017392695,1971.5564609896392,100,0.84045748052391,0.07260898228683464,0.0072608982286834645,100,0.43015230767061224,0.15755991024111995,0.015755991024111994,100,0.8161322860109052,0.11778120210888286,0.011778120210888286,100,0.5384846760118581,0.11980888149695698,0.011980888149695699,100,0.9270487910961361,0.05718954149471671,0.005718954149471671,100,0.16512417368590832,0.03148550341841901,0.003148550341841901,23590.521484375
97,0.1984521906375885,0.1919394102692604,1825.4173354841769,160.4999466203153,1985.9172821044922,100,0.8445931715143686,0.08746222176946454,0.008746222176946454,100,0.4395027358490568,0.14273067713885065,0.014273067713885066,100,0.8245132580841519,0.11774087633903992,0.01177408763390399,100,0.5516428101630042,0.10602606484206767,0.010602606484206767,100,0.9248510837974031,0.07708001651168267,0.007708001651168267,100,0.1693892937898636,0.036909777994085256,0.0036909777994085257,23590.521484375
98,0.1981050896346569,0.19887302428483963,1794.216126827523,169.9609558917582,1964.1770827192813,100,0.8271945610556692,0.09233287718724696,0.009233287718724696,100,0.4050554310119201,0.160742240985653,0.0160742240985653,100,0.8250368995815436,0.13095596918263938,0.013095596918263938,100,0.5124836246389185,0.11928496311449352,0.011928496311449353,100,0.9100810633993096,0.08251546163915255,0.008251546163915255,100,0.16871325708925725,0.03722781978016334,0.003722781978016334,23590.521484375
99,0.19625404110550881,0.1963375061750412,1809.058121628128,163.81889103818685,1972.8770126663148,100,0.8311751903786573,0.08385163056467886,0.008385163056467885,100,0.44979967720175185,0.1566444516515771,0.01566444516515771,100,0.7819038963267977,0.1278692009832158,0.01278692009832158,100,0.5420434297831304,0.10870506264424258,0.010870506264424259,100,0.9194747294448871,0.07415873990123087,0.007415873990123087,100,0.16225846782326697,0.031136827564152817,0.0031136827564152815,23590.521484375
100,0.19567085480690002,0.19695282727479935,1794.934456651099,170.16987339966,1965.104330050759,100,0.8288218113336887,0.0934566427989104,0.009345664279891041,100,0.44519307561100496,0.16407577192431816,0.016407577192431817,100,0.7939186744326474,0.12392838348346978,0.012392838348346978,100,0.5439529381516612,0.11760881277129169,0.01176088127712917,100,0.9122628249009717,0.08741061756273522,0.00874106175627352,100,0.1634376484900713,0.03177962985654321,0.0031779629856543206,23590.521484375
