source_index_1based,identifier
64511,00002549
31886,00002632
8072,00003294
54305,00004318
54611,00008417
72665,00008632
33932,00008935
52072,00011620
53327,00011622
38746,00011835
5572,00018363
58924,00019288
38748,00019483
36800,00024025
18919,00024199
63937,00025096
8425,00025171
73274,00028806
14424,00028936
71155,00029527
70431,00032812
38743,00033785
71131,00033958
23418,00039142
27333,00041630
75373,00041900
40872,00042082
11355,00042091
39461,00042579
9579,00043088
50506,00043191
57739,00044198
50042,00044262
38744,00044505
14441,00044909
63980,00048358
54848,00048429
65567,00048491
33735,00048675
4244,00048865
44201,00048980
25155,00049275
11164,00049315
57046,00050414
4321,00050533
35235,00050800
34916,00050878
9267,00051338
59636,00052208
33671,00052772
68990,00053653
67441,00053693
50428,00053879
9541,00053985
44826,00055566
35322,00055589
42853,00055770
27051,00055777
5957,00055778
58568,00056075
46136,00056154
36508,00056488
59153,00056588
48265,00056865
61037,00057968
74536,00059255
19708,00060394
31434,00060504
13254,00060902
30615,00061010
60289,00061012
23317,00061076
7535,00061812
71827,00061885
11361,00062106
74328,00063395
57839,00063843
73368,00064197
39706,00064486
2544,00064805
33529,00065660
73354,00066070
2709,00067033
53615,00067118
41065,00067528
54104,00069100
72888,00069900
50052,00072402
76327,00073166
40795,00073924
78273,00074513
28190,00074675
62582,00075005
43149,00075072
63964,00075132
24145,00075326
47457,00075824
54039,00075931
71459,00077554
59253,00077699
2487,00078368
71448,00079191
66714,00079209
71445,00079846
63888,00080248
31630,00082123
47435,00082203
69577,00083979
65867,00084089
77964,00084736
73752,00085546
56777,00089253
70388,00089650
21909,00091130
14437,00091180
75874,00092919
49478,00093161
39707,00093606
69776,00093743
68863,00094195
58624,00096940
9761,00097129
49967,00098473
70777,00101525
42421,00101726
36962,00103453
61248,00103771
49896,00105332
72933,00107136
41900,00107522
58728,00107763
36859,00108608
53306,00108905
40026,00109799
37656,00110091
52140,00110641
40428,00111120
71340,00112800
62759,00113085
40486,00116068
31789,00116219
29748,00117847
45003,00120413
76980,00120512
51274,00121165
68152,00121748
64590,00123545
77209,00123652
11701,00125534
68133,00126444
62374,00128531
