split,index,identifier,sequence_length,expected_labels,actual_labels,status,detail
test,92,00047315,1909,1821186,651264,label_count_mismatch,"expected 1821186, found 651264"
test,493,00110375,918,420903,237568,label_count_mismatch,"expected 420903, found 237568"
test,664,00094339,1216,738720,438272,label_count_mismatch,"expected 738720, found 438272"
test,1300,00064352,628,196878,126976,label_count_mismatch,"expected 196878, found 126976"
test,1313,00061414,1143,652653,163840,label_count_mismatch,"expected 652653, found 163840"
test,1771,00029138,1442,1038961,577536,label_count_mismatch,"expected 1038961, found 577536"
test,2332,00127045,4929,12145056,9007104,label_count_mismatch,"expected 12145056, found 9007104"
test,3130,00013228,733,268278,262144,label_count_mismatch,"expected 268278, found 262144"
train,2487,00078368,1118,624403,466944,label_count_mismatch,"expected 624403, found 466944"
train,2544,00064805,1095,598965,102400,label_count_mismatch,"expected 598965, found 102400"
train,2709,00067033,1318,867903,372736,label_count_mismatch,"expected 867903, found 372736"
train,4244,00048865,814,330891,176128,label_count_mismatch,"expected 330891, found 176128"
train,4321,00050533,469,109746,49152,label_count_mismatch,"expected 109746, found 49152"
train,5572,00018363,542,146611,110592,label_count_mismatch,"expected 146611, found 110592"
train,5957,00055778,852,362526,114688,label_count_mismatch,"expected 362526, found 114688"
train,7535,00061812,959,459361,303104,label_count_mismatch,"expected 459361, found 303104"
train,8072,00003294,1322,873181,217088,label_count_mismatch,"expected 873181, found 217088"
train,8425,00025171,602,180901,143360,label_count_mismatch,"expected 180901, found 143360"
train,9267,00051338,626,195625,114688,label_count_mismatch,"expected 195625, found 114688"
train,9541,00053985,959,459361,188416,label_count_mismatch,"expected 459361, found 188416"
train,9579,00043088,836,349030,184320,label_count_mismatch,"expected 349030, found 184320"
train,9761,00097129,596,177310,139264,label_count_mismatch,"expected 177310, found 139264"
train,11164,00049315,359,64261,32768,label_count_mismatch,"expected 64261, found 32768"
train,11355,00042091,496,122760,98304,label_count_mismatch,"expected 122760, found 98304"
train,11361,00062106,500,124750,106496,label_count_mismatch,"expected 124750, found 106496"
train,11701,00125534,437,95266,94208,label_count_mismatch,"expected 95266, found 94208"
train,13254,00060902,642,205761,90112,label_count_mismatch,"expected 205761, found 90112"
train,14424,00028936,990,489555,430080,label_count_mismatch,"expected 489555, found 430080"
train,14437,00091180,948,448878,210534,label_count_mismatch,"expected 448878, found 210534"
train,14441,00044909,898,402753,348160,label_count_mismatch,"expected 402753, found 348160"
train,18919,00024199,1956,1911990,421888,label_count_mismatch,"expected 1911990, found 421888"
train,19708,00060394,954,454581,364544,label_count_mismatch,"expected 454581, found 364544"
train,21909,00091130,1203,723003,364544,label_count_mismatch,"expected 723003, found 364544"
train,23317,00061076,522,135981,102400,label_count_mismatch,"expected 135981, found 102400"
train,23418,00039142,1939,1878891,1216512,label_count_mismatch,"expected 1878891, found 1216512"
train,24145,00075326,495,122265,114688,label_count_mismatch,"expected 122265, found 114688"
train,25155,00049275,513,131328,98304,label_count_mismatch,"expected 131328, found 98304"
train,27051,00055777,1083,585903,491520,label_count_mismatch,"expected 585903, found 491520"
train,27333,00041630,1323,874503,516096,label_count_mismatch,"expected 874503, found 516096"
train,28190,00074675,845,356590,106496,label_count_mismatch,"expected 356590, found 106496"
train,29748,00117847,1482,1097421,1048576,label_count_mismatch,"expected 1097421, found 1048576"
train,30615,00061010,432,93096,49152,label_count_mismatch,"expected 93096, found 49152"
train,31434,00060504,1083,585903,466944,label_count_mismatch,"expected 585903, found 466944"
train,31630,00082123,850,360825,315392,label_count_mismatch,"expected 360825, found 315392"
train,31789,00116219,628,196878,163840,label_count_mismatch,"expected 196878, found 163840"
train,31886,00002632,1486,1103355,1089536,label_count_mismatch,"expected 1103355, found 1089536"
train,33529,00065660,724,261726,77824,label_count_mismatch,"expected 261726, found 77824"
train,33671,00052772,703,246753,221184,label_count_mismatch,"expected 246753, found 221184"
train,33735,00048675,1163,675703,409600,label_count_mismatch,"expected 675703, found 409600"
train,33932,00008935,773,298378,294912,label_count_mismatch,"expected 298378, found 294912"
train,34916,00050878,749,280126,61440,label_count_mismatch,"expected 280126, found 61440"
train,35235,00050800,612,186966,114688,label_count_mismatch,"expected 186966, found 114688"
train,35322,00055589,1714,1468041,716800,label_count_mismatch,"expected 1468041, found 716800"
train,36508,00056488,864,372816,294912,label_count_mismatch,"expected 372816, found 294912"
train,36800,00024025,1374,943251,393216,label_count_mismatch,"expected 943251, found 393216"
train,36859,00108608,878,385003,204800,label_count_mismatch,"expected 385003, found 204800"
train,36962,00103453,1872,1751256,1208320,label_count_mismatch,"expected 1751256, found 1208320"
train,37656,00110091,1530,1169685,237568,label_count_mismatch,"expected 1169685, found 237568"
train,38743,00033785,4513,10181328,3764224,label_count_mismatch,"expected 10181328, found 3764224"
train,38744,00044505,4568,10431028,5750784,label_count_mismatch,"expected 10431028, found 5750784"
train,38746,00011835,4620,10669890,5095424,label_count_mismatch,"expected 10669890, found 5095424"
train,38748,00019483,4595,10554715,4567040,label_count_mismatch,"expected 10554715, found 4567040"
train,39461,00042579,579,167331,45056,label_count_mismatch,"expected 167331, found 45056"
train,39706,00064486,1730,1495585,598016,label_count_mismatch,"expected 1495585, found 598016"
train,39707,00093606,1916,1834570,679936,label_count_mismatch,"expected 1834570, found 679936"
train,40026,00109799,3328,5536128,2854912,label_count_mismatch,"expected 5536128, found 2854912"
train,40428,00111120,923,425503,402858,label_count_mismatch,"expected 425503, found 402858"
train,40486,00116068,1083,585903,310761,label_count_mismatch,"expected 585903, found 310761"
train,40795,00073924,1029,528906,143360,label_count_mismatch,"expected 528906, found 143360"
train,40872,00042082,498,123753,110592,label_count_mismatch,"expected 123753, found 110592"
train,41065,00067528,1023,522753,516096,label_count_mismatch,"expected 522753, found 516096"
train,41900,00107522,702,246051,217088,label_count_mismatch,"expected 246051, found 217088"
train,42421,00101726,668,222778,204800,label_count_mismatch,"expected 222778, found 204800"
train,42853,00055770,963,463203,344064,label_count_mismatch,"expected 463203, found 344064"
train,43149,00075072,777,301476,294912,label_count_mismatch,"expected 301476, found 294912"
train,44201,00048980,1206,726615,544768,label_count_mismatch,"expected 726615, found 544768"
train,44826,00055566,2474,3059101,192512,label_count_mismatch,"expected 3059101, found 192512"
train,45003,00120413,824,339076,299008,label_count_mismatch,"expected 339076, found 299008"
train,46136,00056154,2157,2325246,1314816,label_count_mismatch,"expected 2325246, found 1314816"
train,47435,00082203,2260,2552670,339968,label_count_mismatch,"expected 2552670, found 339968"
train,47457,00075824,954,454581,303104,label_count_mismatch,"expected 454581, found 303104"
train,48265,00056865,638,203203,114688,label_count_mismatch,"expected 203203, found 114688"
train,49478,00093161,939,440391,282624,label_count_mismatch,"expected 440391, found 282624"
train,49896,00105332,1849,1708476,1421312,label_count_mismatch,"expected 1708476, found 1421312"
train,49967,00098473,1195,713415,598016,label_count_mismatch,"expected 713415, found 598016"
train,50042,00044262,2211,2443155,2420736,label_count_mismatch,"expected 2443155, found 2420736"
train,50052,00072402,2271,2577585,1564672,label_count_mismatch,"expected 2577585, found 1564672"
train,50428,00053879,611,186355,8192,label_count_mismatch,"expected 186355, found 8192"
train,50506,00043191,713,253828,180224,label_count_mismatch,"expected 253828, found 180224"
train,51274,00121165,808,326028,182938,label_count_mismatch,"expected 326028, found 182938"
train,52072,00011620,892,397386,319488,label_count_mismatch,"expected 397386, found 319488"
train,52140,00110641,1097,601156,585728,label_count_mismatch,"expected 601156, found 585728"
train,53306,00108905,1263,796953,716800,label_count_mismatch,"expected 796953, found 716800"
train,53327,00011622,2273,2582128,2314240,label_count_mismatch,"expected 2582128, found 2314240"
train,53615,00067118,1300,844350,524288,label_count_mismatch,"expected 844350, found 524288"
train,54039,00075931,1691,1428895,790528,label_count_mismatch,"expected 1428895, found 790528"
train,54104,00069100,1210,731445,700416,label_count_mismatch,"expected 731445, found 700416"
train,54305,00004318,559,155961,114688,label_count_mismatch,"expected 155961, found 114688"
train,54611,00008417,1137,645816,552960,label_count_mismatch,"expected 645816, found 552960"
train,54848,00048429,1249,779376,487424,label_count_mismatch,"expected 779376, found 487424"
train,56777,00089253,692,239086,176128,label_count_mismatch,"expected 239086, found 176128"
train,57046,00050414,2653,3517878,3309568,label_count_mismatch,"expected 3517878, found 3309568"
train,57739,00044198,4717,11122686,3432448,label_count_mismatch,"expected 11122686, found 3432448"
train,57839,00063843,1132,640146,135168,label_count_mismatch,"expected 640146, found 135168"
train,58568,00056075,1887,1779441,655360,label_count_mismatch,"expected 1779441, found 655360"
train,58624,00096940,391,76245,32768,label_count_mismatch,"expected 76245, found 32768"
train,58728,00107763,2768,3829528,2973696,label_count_mismatch,"expected 3829528, found 2973696"
train,58924,00019288,1142,651511,495616,label_count_mismatch,"expected 651511, found 495616"
train,59153,00056588,642,205761,147456,label_count_mismatch,"expected 205761, found 147456"
train,59253,00077699,750,280875,225280,label_count_mismatch,"expected 280875, found 225280"
train,59636,00052208,641,205120,118784,label_count_mismatch,"expected 205120, found 118784"
train,60289,00061012,2472,3054156,2142208,label_count_mismatch,"expected 3054156, found 2142208"
train,61037,00057968,1238,765703,651264,label_count_mismatch,"expected 765703, found 651264"
train,61248,00103771,1247,776881,512000,label_count_mismatch,"expected 776881, found 512000"
train,62374,00128531,4660,10855470,81920,label_count_mismatch,"expected 10855470, found 81920"
train,62582,00075005,629,197506,159744,label_count_mismatch,"expected 197506, found 159744"
train,62759,00113085,1811,1638955,815104,label_count_mismatch,"expected 1638955, found 815104"
train,63888,00080248,493,121278,49152,label_count_mismatch,"expected 121278, found 49152"
train,63937,00025096,793,314028,81920,label_count_mismatch,"expected 314028, found 81920"
train,63964,00075132,618,190653,86016,label_count_mismatch,"expected 190653, found 86016"
train,63980,00048358,2411,2905255,753664,label_count_mismatch,"expected 2905255, found 753664"
train,64511,00002549,654,213531,171255,label_count_mismatch,"expected 213531, found 171255"
train,64590,00123545,1037,537166,188416,label_count_mismatch,"expected 537166, found 188416"
train,65567,00048491,878,385003,208896,label_count_mismatch,"expected 385003, found 208896"
train,65867,00084089,1816,1648020,962560,label_count_mismatch,"expected 1648020, found 962560"
train,66714,00079209,1135,643545,442368,label_count_mismatch,"expected 643545, found 442368"
train,67441,00053693,1767,1560261,1224704,label_count_mismatch,"expected 1560261, found 1224704"
train,68133,00126444,485,117370,57344,label_count_mismatch,"expected 117370, found 57344"
train,68152,00121748,2202,2423301,2125824,label_count_mismatch,"expected 2423301, found 2125824"
train,68863,00094195,671,224785,208896,label_count_mismatch,"expected 224785, found 208896"
train,68990,00053653,1816,1648020,49152,label_count_mismatch,"expected 1648020, found 49152"
train,69577,00083979,883,389403,151552,label_count_mismatch,"expected 389403, found 151552"
train,69776,00093743,1536,1178880,937984,label_count_mismatch,"expected 1178880, found 937984"
train,70388,00089650,2644,3494046,69632,label_count_mismatch,"expected 3494046, found 69632"
train,70431,00032812,999,498501,135168,label_count_mismatch,"expected 498501, found 135168"
train,70777,00101525,737,271216,151552,label_count_mismatch,"expected 271216, found 151552"
train,71131,00033958,728,264628,176128,label_count_mismatch,"expected 264628, found 176128"
train,71155,00029527,799,318801,266240,label_count_mismatch,"expected 318801, found 266240"
train,71340,00112800,791,312445,307200,label_count_mismatch,"expected 312445, found 307200"
train,71445,00079846,1873,1753128,1060864,label_count_mismatch,"expected 1753128, found 1060864"
train,71448,00079191,1735,1504245,679936,label_count_mismatch,"expected 1504245, found 679936"
train,71459,00077554,1583,1252153,1220608,label_count_mismatch,"expected 1252153, found 1220608"
train,71827,00061885,543,147153,118784,label_count_mismatch,"expected 147153, found 118784"
train,72665,00008632,1729,1493856,1052672,label_count_mismatch,"expected 1493856, found 1052672"
train,72888,00069900,2342,2741311,1073152,label_count_mismatch,"expected 2741311, found 1073152"
train,72933,00107136,1591,1264845,413696,label_count_mismatch,"expected 1264845, found 413696"
train,73274,00028806,588,172578,151552,label_count_mismatch,"expected 172578, found 151552"
train,73354,00066070,1923,1848003,380928,label_count_mismatch,"expected 1848003, found 380928"
train,73368,00064197,2003,2005003,729088,label_count_mismatch,"expected 2005003, found 729088"
train,73752,00085546,965,465130,245760,label_count_mismatch,"expected 465130, found 245760"
train,74328,00063395,604,182106,126976,label_count_mismatch,"expected 182106, found 126976"
train,74536,00059255,688,236328,233472,label_count_mismatch,"expected 236328, found 233472"
train,75373,00041900,1124,631126,446464,label_count_mismatch,"expected 631126, found 446464"
train,75874,00092919,450,101025,36864,label_count_mismatch,"expected 101025, found 36864"
train,76327,00073166,1643,1348903,962560,label_count_mismatch,"expected 1348903, found 962560"
train,76980,00120512,2243,2514403,552960,label_count_mismatch,"expected 2514403, found 552960"
train,77209,00123652,1393,969528,704512,label_count_mismatch,"expected 969528, found 704512"
train,77964,00084736,2120,2246140,1163264,label_count_mismatch,"expected 2246140, found 1163264"
train,78273,00074513,1475,1087075,356352,label_count_mismatch,"expected 1087075, found 356352"
val,1939,00041761,517,133386,81920,label_count_mismatch,"expected 133386, found 81920"
val,1973,00095513,1149,659526,266240,label_count_mismatch,"expected 659526, found 266240"
val,2526,00098560,1689,1425516,774144,label_count_mismatch,"expected 1425516, found 774144"
val,3411,00091311,1286,826255,495616,label_count_mismatch,"expected 826255, found 495616"
val,3502,00116028,853,363378,241664,label_count_mismatch,"expected 363378, found 241664"
